component,contribution,months_long_share,months_short_share
Mining & logging,0.07208029862132839,0.33098591549295775,0.3591549295774648
Construction,-0.19181414278387884,0.3591549295774648,0.3873239436619718
Durable mfg,0.017572958402314473,0.30985915492957744,0.23943661971830985
Nondurable mfg,0.05417165646869376,0.323943661971831,0.34507042253521125
Wholesale,0.1491476785768552,0.30985915492957744,0.4225352112676056
Retail,0.0022803704198954694,0.3873239436619718,0.34507042253521125
Transport & utilities,0.014325024315064841,0.47183098591549294,0.29577464788732394
Information,-0.05827254734391633,0.3028169014084507,0.3732394366197183
Finance & insurance,-0.1629549219142458,0.3380281690140845,0.4507042253521127
Real estate,-0.015734628867741008,0.23943661971830985,0.4507042253521127
Prof. & business svcs,-0.12200296034927458,0.176056338028169,0.47183098591549294
Health care,-0.2620781506046766,0.4084507042253521,0.3591549295774648
Accommodation & food,0.0454045440358954,0.4647887323943662,0.21830985915492956
Market hedge,0.04646937503042045,,
Trading costs,-0.13146719917699068,,
