variant,window,months,sharpe,net_ann,vol,max_dd,hit,ic,ic_t,ic_h,ic_hold,ic_hold_t,alpha_month,alpha_t,ic_first_half,ic_second_half,turnover,cost_ann,placebo_p,placebo_shifts,dsr,dsr_benchmark_annual_sharpe,sharpe_0bp,sharpe_10bp,sharpe_25bp
V2a,research,125,0.09271526577382735,0.006317430173361522,0.06813797189313427,-0.14426121310608886,0.48,0.02926709643570781,1.5373955176007972,3,0.02627787905478364,1.060852405840256,0.0004904162055272002,0.2812192842072018,0.04323396919232138,0.015521920072056352,0.38019007628252033,0.0046735384312828485,0.08974358974358974,78,0.01158198835252187,0.796354112893237,0.15922587941576097,0.09271526577382735,-0.007867502384356786
V2a,test,142,0.16371563103415995,0.01670618869600873,0.10204394406617724,-0.21147823336426697,0.528169014084507,0.049299967982976735,2.035563312873839,3,0.04303403560209991,1.3523962536640206,0.0005798629480762844,0.28731035956955714,0.040860137177818605,0.05773979878813486,0.38768778060183406,0.004732376289556287,0.021052631578947368,95,0.023133662650849148,0.7471659324173703,0.20931948728554897,0.16371563103415995,0.09525230224699385
V2a,full,268,0.14726238957277188,0.012907749396237546,0.08765136457234378,-0.21147823336426708,0.5074626865671642,0.03935145561280084,2.502263979531533,3,0.03684937968043306,1.7692790230267121,0.000726197321819993,0.5086097718558718,0.038638479498339505,0.04006443172726215,0.38440405362328767,0.004707271948634736,0.0,221,0.030834385913192115,0.5438684135612011,0.1997392888253468,0.14726238957277188,0.06831220974835887
V2a,post-2010,200,0.12459546742026492,0.011442094365041268,0.09183395352935816,-0.21147823336426708,0.515,0.03780159606866447,1.8921494044128182,3,0.03916750263070143,1.4567405538405043,0.00044995363721727066,0.24720804013008452,0.008969128959902985,0.06663406317742593,0.3854266140792006,0.004713498195349701,0.12418300653594772,153,0.020157160616719214,0.6295732051963727,0.17489187787697716,0.12459546742026492,0.04899690467375064
V2a,last 18m,18,-1.7094158855720982,-0.12097850011378061,0.07077183565150512,-0.150180823309497,0.3333333333333333,-0.02949152040997479,-0.9053533643247559,3,-0.033356290152769225,-0.9857020792795154,-0.017851718304812962,-6.579698075813851,-0.03422373266531676,-0.024759308154632828,0.4530246084929941,0.00548860343096138,,0,1.5014738765306433e-09,2.0985773506545757,-1.6369657093705794,-1.7094158855720982,-1.8171627042245884
V2b,research,125,-0.055092016550174476,-0.004057001027404969,0.07364045249115356,-0.22146071218933072,0.456,0.03720119797255221,1.308702578695693,3,0.024615384615384615,0.6572910060419511,0.0002978707890294631,0.16914603779776471,0.04027454961663778,0.03417662968789655,0.7168669922287244,0.008763290545494636,0.05128205128205128,78,0.0030047573535812158,0.796354112893237,0.06166951326369136,-0.055092016550174476,-0.23080377932530716
V2b,test,142,-0.15284587259119584,-0.013368161169848607,0.08746170860369464,-0.21752976947691538,0.528169014084507,0.042200194125837684,1.651089301118365,3,0.02861067503924647,0.7717549353647741,-0.0018266054388048243,-0.8404485946813952,0.06604881552474179,0.018351572726933583,0.726738876134704,0.00884825226298756,0.05263157894736842,95,0.0009055125013606759,0.7471659324173703,-0.05313964625474276,-0.15284587259119584,-0.3025041616486486
V2b,full,268,-0.10993792669748752,-0.008904430009551734,0.08099506946364154,-0.22146071218933072,0.4962686567164179,0.040039139553545024,2.090558196518165,3,0.027534495579608367,1.025422984539762,-0.0012328922547899645,-0.8183573891892292,0.049672994208574336,0.03040528489851572,0.7215192820673182,0.008800961904113244,0.04524886877828054,221,0.0009394343860197892,0.5438684135612011,-0.0030380489985032317,-0.10993792669748752,-0.2705502588787716
V2b,post-2010,200,-0.15765026796817894,-0.012469291537855618,0.07909464220113152,-0.2175297694769157,0.51,0.03633217178542778,1.6404286381667887,3,0.02403152403152404,0.7576185807094378,-0.001613404164453327,-0.9545753962812761,0.025572876880321616,0.047091466690533955,0.7125027765711631,0.008687437776749275,0.0392156862745098,153,0.0005958392527535247,0.6295732051963727,-0.04955243818690854,-0.15765026796817894,-0.3199307002709443
V2b,last 18m,18,-1.343856874932211,-0.11706813700744692,0.08711354549073706,-0.1372824573170388,0.3333333333333333,-0.06436747849153816,-1.0962804858183108,3,-0.13873626373626374,-3.8349719652929615,-0.01919642688573645,-3.944382036802172,-0.11408294233106167,-0.014652014652014652,0.9258654252799666,0.011245387741250359,,0,2.59456717218875e-06,2.0985773506545757,-1.2186798280728968,-1.343856874932211,-1.530792350159336
V2c,research,125,0.27412987646505904,0.024899549424171337,0.09083121382190922,-0.17733910306693612,0.552,0.0458980129721525,2.0419003807052825,3,0.03328107604788114,0.9191074578273086,0.0004401951039067198,0.2945809843264822,0.061806437144983975,0.030242103468731046,0.5071389018847414,0.00623901054705203,0.05128205128205128,78,0.05623819812351549,0.796354112893237,0.3408420501485422,0.27412987646505904,0.1737177278633338
V2c,test,142,0.3451694439959666,0.03050672793347286,0.08838189029799909,-0.12929566314482943,0.5563380281690141,0.03242847099792952,1.2111837657292635,3,0.04500689084806332,1.4816577670237892,0.002166250062458435,1.3608438908721103,0.037497433501811374,0.02735950849404765,0.48498781205710806,0.005918057734617114,0.2631578947368421,95,0.08800412080231584,0.7471659324173703,0.4111540339206414,0.3451694439959666,0.24615539587899993
V2c,full,268,0.32468042102943545,0.029014952460189557,0.08936465084095437,-0.17733910306693612,0.5559701492537313,0.039723755762259186,2.231528683449545,3,0.040615210109707145,1.7363021769130897,0.0014536079858836729,1.228497047093689,0.05422457680678291,0.02522293471773545,0.49517127183182963,0.006066107901184767,0.0,221,0.16079044826694783,0.5438684135612011,0.39108516368111945,0.32468042102943545,0.22489178624912648
V2c,post-2010,200,0.23855299857900383,0.018852177447447584,0.07902720804074961,-0.1575574499010588,0.53,0.03386563406237289,1.6323712355371545,3,0.03505204968498602,1.4116498275922322,0.0013008623004724627,0.9958330613796778,0.03371442364513646,0.03401684447960933,0.48677883250123893,0.005954247818498891,0.0457516339869281,153,0.05742514405066568,0.6295732051963727,0.3123427542352194,0.23855299857900383,0.12763236183585172
V2c,last 18m,18,-0.7750298448592223,-0.07482485954905872,0.09654448799020124,-0.08836621812609469,0.3888888888888889,-0.08279769819399077,-1.566233710635127,3,-0.03101197485671157,-1.1062003010484927,-0.013082084775409394,-4.484902206214563,-0.15779997185603734,-0.007795424531944224,0.533307220445778,0.0064937194934963725,,0,9.912224527282927e-05,2.0985773506545757,-0.7085697491259244,-0.7750298448592223,-0.8748358104948238
V2d,research,125,0.5033356213739548,0.031263057943596906,0.0621117533034085,-0.08199531574424423,0.576,-0.01584261436950061,-0.5910031289000678,12,0.047076923076923086,0.8965393523214652,0.00174600802256951,1.0414533637716568,-0.02748557971962897,-0.0043844579931838065,0.39440111849672305,0.004831100668564842,0.6025641025641025,78,0.17613653895007847,0.796354112893237,0.5799048896171253,0.5033356213739548,0.38854000526958477
V2d,test,142,0.2928175594619901,0.0255706918515669,0.0873263608184883,-0.14388502816893367,0.5492957746478874,-0.02001209970747601,-0.8683774566556943,12,0.09617481754886337,2.42513564294896,0.002609453489348181,1.3716023476014094,-0.04152137665992675,0.0014971772449747503,0.3656197966020753,0.004448967688773866,0.8526315789473684,95,0.05555230069402623,0.7471659324173703,0.34296559563402257,0.2928175594619901,0.2174979357122725
V2d,full,268,0.3513864909801854,0.026897668101580563,0.07654724581628074,-0.2171824110279046,0.5597014925373134,-0.019017799363337477,-1.0841457849662162,12,0.07112925984521316,2.063587493692717,0.002646302974901718,1.9555776623340022,-0.03063337367467626,-0.007402225051998692,0.37886494619322797,0.004625128035664639,0.8552036199095022,221,0.17768100573173207,0.5438684135612011,0.4107739174522592,0.3513864909801854,0.2622342208750599
V2d,post-2010,200,0.29736668192196786,0.02370843247952629,0.0797279383362378,-0.2171824110279047,0.56,-0.012457826928292729,-0.5896886539627901,12,0.08067329495900925,2.130625560234915,0.0021517394080229507,1.3684704698188839,-0.007195457672668643,-0.017720196183916823,0.36971782173602874,0.0045099163959039885,0.7973856209150327,153,0.08374442862869225,0.6295732051963727,0.3529662494629238,0.29736668192196786,0.2138829557566772
V2d,last 18m,18,0.28648431228914345,0.03636224260725809,0.1269257723632641,-0.0837391834998037,0.5555555555555556,0.054300520905196256,0.9345133837391288,12,,,0.0001180496409642802,0.013999570272954856,0.05182448503383569,0.0567765567765568,0.34007920719516305,0.004167706945952662,,0,0.015813925968910802,2.0985773506545757,0.31861303926331513,0.28648431228914345,0.2382677649130124
