book,window,sharpe,net_ann,ic12,ic12_t,alpha_t,months
hires only,research,0.4064291771316821,0.02600539717445135,0.030642816788798148,0.6740500335104542,0.893670447177816,125
hires only,test,0.18928236667462156,0.01591146332962505,0.09294880214389992,2.904022694056388,0.7909715004668394,142
hires only,full,0.26659868291199934,0.020027737212031445,0.061769560496430065,2.081282337488798,1.37859539176505,268
quits only,research,0.1756967490270966,0.01234265507431542,0.04674243504079037,0.8485660441878458,0.42288265320052026,125
quits only,test,0.16038100316084597,0.01453894202349008,0.08542604666765181,1.7522961026004291,0.807894194097269,142
quits only,full,0.14628464268975128,0.011960901750189191,0.06523107285731679,1.7268269392817313,0.8844971238804096,268
openings (contrast),research,0.09875634109843383,0.0073819287834095745,-0.004922774403704853,-0.08632281244855865,-0.1696115757614362,125
openings (contrast),test,0.4246731077500559,0.039675528403739765,0.0820981896168699,1.3776305112320764,1.4755038927798048,142
openings (contrast),full,0.2909941354679601,0.024737337489070782,0.03896164363024601,0.9184538671494071,1.5220697387737192,268
layoffs (contrast),research,0.10643240947062274,0.008644181858258574,0.04178886433232114,1.0066789576348263,-0.3543340789537609,125
layoffs (contrast),test,0.1592058269427,0.011956411249427926,0.03182161314622676,0.8678999701250107,0.6893317788810319,142
layoffs (contrast),full,0.12955656691511047,0.010072647664467008,0.03635326386865874,1.2773997873944891,0.6827928664358556,268
V2d = -(hires+quits)/2,research,0.5033356213739548,0.031263057943596906,0.047076923076923086,0.8965393523214652,1.0414533637716568,125
V2d = -(hires+quits)/2,test,0.2928175594619901,0.0255706918515669,0.09617481754886337,2.42513564294896,1.3716023476014094,142
V2d = -(hires+quits)/2,full,0.3513864909801854,0.026897668101580563,0.07112925984521316,2.063587493692717,1.9555776623340022,268
