check,fixed_lag,as_known
Test Sharpe (10 bp),0.2928175594619901,0.20353671517398647
Full-sample Sharpe (10 bp),0.3513864909801854,0.31225166932716536
"12-month IC, test",0.09617481754886337,0.08493414981964602
"12-month IC t, test",2.42513564294896,2.2556531861001075
"1-month IC t, test",-0.8683774566556943,-0.4217069291085937
"Component hires only, test Sharpe",0.18928236667462156,0.18906453181867547
"Component quits only, test Sharpe",0.16038100316084597,0.16792187564407968
"Holding 9 months, test Sharpe",0.14037101563145116,0.15547151432490372
"Holding 18 months, test Sharpe",0.30203574184950205,0.10844526496839682
"First test half, Sharpe",-0.20857332220438748,-0.23120954703996147
"Second test half, Sharpe",0.6382650516963818,0.49169151023338104
Test Sharpe at 0 bp,0.34296559563402257,0.2545719035225398
Test Sharpe at 25 bp,0.2174979357122725,0.12683023369254018
Test Sharpe at 50 bp,0.09172033492538699,-0.001402237091266201
"Break-even cost, test (bp)",68.295908026001,49.80577710413222
"Drop one group, minimum test Sharpe",0.18405490659750104,0.047841537479403035
"Drop one group, maximum test Sharpe",0.4765507360777538,0.36096206448969387
"Bootstrap 90% interval, test: low",-0.0675866768012903,-0.14470332505298303
"Bootstrap 90% interval, test: high",0.6498532971228607,0.5673841209775896
"Alpha per month (%), test, HAC 12",0.26094534893481813,0.1564993705066555
"Alpha t, test, HAC 12",1.480671711289157,0.9227023711499632
"Bootstrap 90% interval, full: low",0.05035649038376843,0.024425284981418837
"Bootstrap 90% interval, full: high",0.6414508516824874,0.6027188662984058
"Alpha per month (%), full, HAC 12",0.2646302974901718,0.20962061867799037
"Alpha t, full, HAC 12",1.9203541055109492,1.8124813869598275
"Deflated Sharpe, test (132 looks fixed lag; 162 as known)",0.049378675555521646,0.021460135063184792
