strategy,study,label,test,full,post_2010,last_18m
A0 fixed rule,Study 1,CONFIRMATORY,-0.3594556587904215,-0.4821013581193437,-0.408713909831239,-1.5591014899183524
A1 ridge,Study 1,CONFIRMATORY,-0.5074813921736225,-0.5174853275983263,-0.662396984661876,0.7340495583621448
A1-T ridge x tightness,Study 1,CONFIRMATORY,-0.5930940086312122,-0.5785052699777988,-0.7257042181207055,-0.3713486706329405
"A3 agent features, independent (primary)",Study 1,CONFIRMATORY,-0.5844954251048887,-0.4380421639450935,-0.6151540124695638,0.845636663006536
"A4 agent features, communicating",Study 1,CONFIRMATORY,-0.7863252241074289,-0.5646317865862633,-0.7422212982702584,1.227020124529158
W wage growth (declared headline),Study 2,POST-HOC,0.16371563103415995,0.14726238957277188,0.12459546742026492,-1.7094158855720982
SC signed composite,Study 2,POST-HOC,-0.15284587259119584,-0.10993792669748752,-0.15765026796817894,-1.343856874932211
W+MOM wage growth + momentum,Study 2,POST-HOC,0.3451694439959666,0.32468042102943545,0.23855299857900383,-0.7750298448592223
"HQ12 hires + quits reversal, 12-month hold",Study 2,POST-HOC,0.2928175594619901,0.3513864909801854,0.29736668192196786,0.28648431228914345
