observation_date,CEU6500000008_20260929
1964-01-01,1.98
1964-02-01,1.98
1964-03-01,1.98
1964-04-01,1.99
1964-05-01,1.99
1964-06-01,2.01
1964-07-01,2.02
1964-08-01,2.01
1964-09-01,2.04
1964-10-01,2.04
1964-11-01,2.05
1964-12-01,2.07
1965-01-01,2.06
1965-02-01,2.08
1965-03-01,2.09
1965-04-01,2.09
1965-05-01,2.11
1965-06-01,2.13
1965-07-01,2.13
1965-08-01,2.13
1965-09-01,2.15
1965-10-01,2.16
1965-11-01,2.16
1965-12-01,2.18
1966-01-01,2.18
1966-02-01,2.18
1966-03-01,2.19
1966-04-01,2.21
1966-05-01,2.22
1966-06-01,2.23
1966-07-01,2.24
1966-08-01,2.24
1966-09-01,2.27
1966-10-01,2.27
1966-11-01,2.28
1966-12-01,2.29
1967-01-01,2.30
1967-02-01,2.32
1967-03-01,2.31
1967-04-01,2.33
1967-05-01,2.33
1967-06-01,2.35
1967-07-01,2.37
1967-08-01,2.37
1967-09-01,2.39
1967-10-01,2.40
1967-11-01,2.41
1967-12-01,2.42
1968-01-01,2.42
1968-02-01,2.44
1968-03-01,2.44
1968-04-01,2.45
1968-05-01,2.46
1968-06-01,2.47
1968-07-01,2.50
1968-08-01,2.50
1968-09-01,2.54
1968-10-01,2.55
1968-11-01,2.56
1968-12-01,2.58
1969-01-01,2.59
1969-02-01,2.63
1969-03-01,2.63
1969-04-01,2.64
1969-05-01,2.66
1969-06-01,2.67
1969-07-01,2.69
1969-08-01,2.68
1969-09-01,2.73
1969-10-01,2.74
1969-11-01,2.77
1969-12-01,2.76
1970-01-01,2.78
1970-02-01,2.81
1970-03-01,2.83
1970-04-01,2.83
1970-05-01,2.84
1970-06-01,2.85
1970-07-01,2.87
1970-08-01,2.89
1970-09-01,2.95
1970-10-01,2.95
1970-11-01,2.97
1970-12-01,2.99
1971-01-01,3.01
1971-02-01,3.03
1971-03-01,3.04
1971-04-01,3.06
1971-05-01,3.08
1971-06-01,3.08
1971-07-01,3.10
1971-08-01,3.11
1971-09-01,3.17
1971-10-01,3.18
1971-11-01,3.19
1971-12-01,3.22
1972-01-01,3.26
1972-02-01,3.28
1972-03-01,3.28
1972-04-01,3.30
1972-05-01,3.31
1972-06-01,3.29
1972-07-01,3.31
1972-08-01,3.32
1972-09-01,3.39
1972-10-01,3.41
1972-11-01,3.41
1972-12-01,3.44
1973-01-01,3.45
1973-02-01,3.47
1973-03-01,3.47
1973-04-01,3.50
1973-05-01,3.50
1973-06-01,3.51
1973-07-01,3.54
1973-08-01,3.51
1973-09-01,3.62
1973-10-01,3.62
1973-11-01,3.64
1973-12-01,3.67
1974-01-01,3.68
1974-02-01,3.71
1974-03-01,3.74
1974-04-01,3.76
1974-05-01,3.81
1974-06-01,3.82
1974-07-01,3.79
1974-08-01,3.81
1974-09-01,3.91
1974-10-01,3.92
1974-11-01,3.94
1974-12-01,3.98
1975-01-01,3.98
1975-02-01,4.02
1975-03-01,4.03
1975-04-01,4.02
1975-05-01,4.05
1975-06-01,4.05
1975-07-01,4.06
1975-08-01,4.06
1975-09-01,4.15
1975-10-01,4.17
1975-11-01,4.22
1975-12-01,4.23
1976-01-01,4.27
1976-02-01,4.30
1976-03-01,4.29
1976-04-01,4.33
1976-05-01,4.35
1976-06-01,4.34
1976-07-01,4.34
1976-08-01,4.36
1976-09-01,4.46
1976-10-01,4.49
1976-11-01,4.54
1976-12-01,4.57
1977-01-01,4.62
1977-02-01,4.65
1977-03-01,4.65
1977-04-01,4.67
1977-05-01,4.69
1977-06-01,4.67
1977-07-01,4.67
1977-08-01,4.68
1977-09-01,4.78
1977-10-01,4.83
1977-11-01,4.85
1977-12-01,4.88
1978-01-01,4.96
1978-02-01,4.98
1978-03-01,4.98
1978-04-01,5.02
1978-05-01,5.02
1978-06-01,5.01
1978-07-01,5.02
1978-08-01,5.01
1978-09-01,5.13
1978-10-01,5.19
1978-11-01,5.21
1978-12-01,5.24
1979-01-01,5.31
1979-02-01,5.35
1979-03-01,5.34
1979-04-01,5.37
1979-05-01,5.35
1979-06-01,5.35
1979-07-01,5.37
1979-08-01,5.39
1979-09-01,5.53
1979-10-01,5.56
1979-11-01,5.62
1979-12-01,5.68
1980-01-01,5.73
1980-02-01,5.78
1980-03-01,5.82
1980-04-01,5.83
1980-05-01,5.87
1980-06-01,5.89
1980-07-01,5.87
1980-08-01,5.89
1980-09-01,6.01
1980-10-01,6.07
1980-11-01,6.17
1980-12-01,6.19
1981-01-01,6.29
1981-02-01,6.35
1981-03-01,6.37
1981-04-01,6.38
1981-05-01,6.41
1981-06-01,6.41
1981-07-01,6.42
1981-08-01,6.49
1981-09-01,6.59
1981-10-01,6.65
1981-11-01,6.74
1981-12-01,6.74
1982-01-01,6.87
1982-02-01,6.88
1982-03-01,6.86
1982-04-01,6.89
1982-05-01,6.93
1982-06-01,6.92
1982-07-01,6.96
1982-08-01,7.00
1982-09-01,7.10
1982-10-01,7.15
1982-11-01,7.19
1982-12-01,7.24
1983-01-01,7.31
1983-02-01,7.31
1983-03-01,7.29
1983-04-01,7.33
1983-05-01,7.35
1983-06-01,7.33
1983-07-01,7.33
1983-08-01,7.32
1983-09-01,7.45
1983-10-01,7.51
1983-11-01,7.52
1983-12-01,7.56
1984-01-01,7.60
1984-02-01,7.58
1984-03-01,7.58
1984-04-01,7.63
1984-05-01,7.58
1984-06-01,7.58
1984-07-01,7.60
1984-08-01,7.57
1984-09-01,7.74
1984-10-01,7.74
1984-11-01,7.80
1984-12-01,7.87
1985-01-01,7.86
1985-02-01,7.90
1985-03-01,7.88
1985-04-01,7.89
1985-05-01,7.89
1985-06-01,7.93
1985-07-01,7.87
1985-08-01,7.89
1985-09-01,8.06
1985-10-01,8.07
1985-11-01,8.13
1985-12-01,8.20
1986-01-01,8.20
1986-02-01,8.26
1986-03-01,8.25
1986-04-01,8.20
1986-05-01,8.18
1986-06-01,8.18
1986-07-01,8.13
1986-08-01,8.13
1986-09-01,8.28
1986-10-01,8.31
1986-11-01,8.41
1986-12-01,8.40
1987-01-01,8.45
1987-02-01,8.50
1987-03-01,8.49
1987-04-01,8.49
1987-05-01,8.47
1987-06-01,8.45
1987-07-01,8.43
1987-08-01,8.49
1987-09-01,8.62
1987-10-01,8.68
1987-11-01,8.79
1987-12-01,8.81
1988-01-01,8.85
1988-02-01,8.85
1988-03-01,8.84
1988-04-01,8.86
1988-05-01,8.90
1988-06-01,8.84
1988-07-01,8.86
1988-08-01,8.86
1988-09-01,9.04
1988-10-01,9.13
1988-11-01,9.16
1988-12-01,9.22
1989-01-01,9.30
1989-02-01,9.33
1989-03-01,9.34
1989-04-01,9.39
1989-05-01,9.36
1989-06-01,9.33
1989-07-01,9.40
1989-08-01,9.36
1989-09-01,9.55
1989-10-01,9.64
1989-11-01,9.66
1989-12-01,9.74
1990-01-01,9.79
1990-02-01,9.79
1990-03-01,9.80
1990-04-01,9.92
1990-05-01,9.92
1990-06-01,9.94
1990-07-01,10.00
1990-08-01,10.05
1990-09-01,10.12
1990-10-01,10.12
1990-11-01,10.16
1990-12-01,10.18
1991-01-01,10.24
1991-02-01,10.27
1991-03-01,10.26
1991-04-01,10.38
1991-05-01,10.46
1991-06-01,10.49
1991-07-01,10.54
1991-08-01,10.56
1991-09-01,10.61
1991-10-01,10.60
1991-11-01,10.63
1991-12-01,10.69
1992-01-01,10.70
1992-02-01,10.70
1992-03-01,10.71
1992-04-01,10.79
1992-05-01,10.79
1992-06-01,10.82
1992-07-01,10.87
1992-08-01,10.88
1992-09-01,10.98
1992-10-01,10.96
1992-11-01,10.99
1992-12-01,11.06
1993-01-01,11.10
1993-02-01,11.10
1993-03-01,11.10
1993-04-01,11.14
1993-05-01,11.14
1993-06-01,11.16
1993-07-01,11.20
1993-08-01,11.19
1993-09-01,11.28
1993-10-01,11.27
1993-11-01,11.30
1993-12-01,11.35
1994-01-01,11.39
1994-02-01,11.38
1994-03-01,11.37
1994-04-01,11.41
1994-05-01,11.42
1994-06-01,11.43
1994-07-01,11.50
1994-08-01,11.48
1994-09-01,11.55
1994-10-01,11.57
1994-11-01,11.58
1994-12-01,11.62
1995-01-01,11.68
1995-02-01,11.67
1995-03-01,11.67
1995-04-01,11.74
1995-05-01,11.71
1995-06-01,11.72
1995-07-01,11.78
1995-08-01,11.79
1995-09-01,11.87
1995-10-01,11.88
1995-11-01,11.92
1995-12-01,11.96
1996-01-01,12.05
1996-02-01,12.01
1996-03-01,12.02
1996-04-01,12.10
1996-05-01,12.09
1996-06-01,12.11
1996-07-01,12.15
1996-08-01,12.16
1996-09-01,12.24
1996-10-01,12.25
1996-11-01,12.27
1996-12-01,12.33
1997-01-01,12.37
1997-02-01,12.37
1997-03-01,12.39
1997-04-01,12.47
1997-05-01,12.47
1997-06-01,12.49
1997-07-01,12.53
1997-08-01,12.55
1997-09-01,12.63
1997-10-01,12.66
1997-11-01,12.69
1997-12-01,12.74
1998-01-01,12.78
1998-02-01,12.79
1998-03-01,12.80
1998-04-01,12.92
1998-05-01,12.92
1998-06-01,12.93
1998-07-01,12.94
1998-08-01,13.00
1998-09-01,13.08
1998-10-01,13.08
1998-11-01,13.10
1998-12-01,13.15
1999-01-01,13.21
1999-02-01,13.22
1999-03-01,13.23
1999-04-01,13.33
1999-05-01,13.33
1999-06-01,13.35
1999-07-01,13.40
1999-08-01,13.41
1999-09-01,13.53
1999-10-01,13.56
1999-11-01,13.56
1999-12-01,13.61
2000-01-01,13.67
2000-02-01,13.67
2000-03-01,13.68
2000-04-01,13.81
2000-05-01,13.82
2000-06-01,13.84
2000-07-01,13.93
2000-08-01,13.95
2000-09-01,14.05
2000-10-01,14.08
2000-11-01,14.15
2000-12-01,14.22
2001-01-01,14.31
2001-02-01,14.33
2001-03-01,14.36
2001-04-01,14.50
2001-05-01,14.50
2001-06-01,14.52
2001-07-01,14.62
2001-08-01,14.62
2001-09-01,14.72
2001-10-01,14.76
2001-11-01,14.83
2001-12-01,14.90
2002-01-01,14.90
2002-02-01,14.94
2002-03-01,14.96
2002-04-01,14.97
2002-05-01,15.03
2002-06-01,15.06
2002-07-01,15.16
2002-08-01,15.24
2002-09-01,15.32
2002-10-01,15.35
2002-11-01,15.38
2002-12-01,15.47
2003-01-01,15.53
2003-02-01,15.52
2003-03-01,15.47
2003-04-01,15.41
2003-05-01,15.43
2003-06-01,15.47
2003-07-01,15.54
2003-08-01,15.60
2003-09-01,15.63
2003-10-01,15.65
2003-11-01,15.71
2003-12-01,15.78
2004-01-01,15.86
2004-02-01,15.87
2004-03-01,15.91
2004-04-01,15.96
2004-05-01,15.97
2004-06-01,16.02
2004-07-01,16.14
2004-08-01,16.11
2004-09-01,16.22
2004-10-01,16.22
2004-11-01,16.24
2004-12-01,16.35
2005-01-01,16.38
2005-02-01,16.37
2005-03-01,16.47
2005-04-01,16.48
2005-05-01,16.50
2005-06-01,16.54
2005-07-01,16.71
2005-08-01,16.67
2005-09-01,16.77
2005-10-01,16.79
2005-11-01,16.84
2005-12-01,16.93
2006-01-01,16.99
2006-02-01,17.02
2006-03-01,17.12
2006-04-01,17.19
2006-05-01,17.17
2006-06-01,17.22
2006-07-01,17.33
2006-08-01,17.35
2006-09-01,17.43
2006-10-01,17.45
2006-11-01,17.52
2006-12-01,17.58
2007-01-01,17.68
2007-02-01,17.65
2007-03-01,17.80
2007-04-01,17.80
2007-05-01,17.83
2007-06-01,17.90
2007-07-01,18.05
2007-08-01,18.07
2007-09-01,18.20
2007-10-01,18.20
2007-11-01,18.29
2007-12-01,18.37
2008-01-01,18.47
2008-02-01,18.44
2008-03-01,18.60
2008-04-01,18.61
2008-05-01,18.62
2008-06-01,18.64
2008-07-01,18.81
2008-08-01,18.79
2008-09-01,18.92
2008-10-01,18.88
2008-11-01,18.93
2008-12-01,19.06
2009-01-01,19.09
2009-02-01,19.08
2009-03-01,19.17
2009-04-01,19.27
2009-05-01,19.23
2009-06-01,19.25
2009-07-01,19.39
2009-08-01,19.35
2009-09-01,19.51
2009-10-01,19.53
2009-11-01,19.58
2009-12-01,19.64
2010-01-01,19.68
2010-02-01,19.69
2010-03-01,19.77
2010-04-01,19.86
2010-05-01,19.83
2010-06-01,19.86
2010-07-01,20.02
2010-08-01,19.98
2010-09-01,20.09
2010-10-01,20.17
2010-11-01,20.19
2010-12-01,20.31
2011-01-01,20.37
2011-02-01,20.32
2011-03-01,20.39
2011-04-01,20.43
2011-05-01,20.49
2011-06-01,20.51
2011-07-01,20.74
2011-08-01,20.70
2011-09-01,20.77
2011-10-01,20.80
2011-11-01,20.79
2011-12-01,20.83
2012-01-01,20.87
2012-02-01,20.77
2012-03-01,20.83
2012-04-01,20.87
2012-05-01,20.80
2012-06-01,20.84
2012-07-01,20.95
2012-08-01,20.88
2012-09-01,21.01
2012-10-01,20.99
2012-11-01,21.01
2012-12-01,21.08
2013-01-01,21.13
2013-02-01,21.12
2013-03-01,21.14
2013-04-01,21.18
2013-05-01,21.12
2013-06-01,21.21
2013-07-01,21.37
2013-08-01,21.32
2013-09-01,21.44
2013-10-01,21.44
2013-11-01,21.47
2013-12-01,21.54
2014-01-01,21.59
2014-02-01,21.54
2014-03-01,21.51
2014-04-01,21.53
2014-05-01,21.50
2014-06-01,21.54
2014-07-01,21.63
2014-08-01,21.62
2014-09-01,21.76
2014-10-01,21.78
2014-11-01,21.83
2014-12-01,21.86
2015-01-01,21.96
2015-02-01,21.94
2015-03-01,21.96
2015-04-01,21.97
2015-05-01,22.00
2015-06-01,22.02
2015-07-01,22.09
2015-08-01,22.12
2015-09-01,22.22
2015-10-01,22.27
2015-11-01,22.24
2015-12-01,22.33
2016-01-01,22.39
2016-02-01,22.42
2016-03-01,22.41
2016-04-01,22.47
2016-05-01,22.38
2016-06-01,22.32
2016-07-01,22.54
2016-08-01,22.52
2016-09-01,22.59
2016-10-01,22.67
2016-11-01,22.70
2016-12-01,22.77
2017-01-01,22.90
2017-02-01,22.89
2017-03-01,22.90
2017-04-01,23.01
2017-05-01,22.93
2017-06-01,22.90
2017-07-01,23.04
2017-08-01,23.04
2017-09-01,23.16
2017-10-01,23.14
2017-11-01,23.17
2017-12-01,23.26
2018-01-01,23.46
2018-02-01,23.42
2018-03-01,23.47
2018-04-01,23.50
2018-05-01,23.50
2018-06-01,23.55
2018-07-01,23.65
2018-08-01,23.71
2018-09-01,23.77
2018-10-01,23.76
2018-11-01,23.86
2018-12-01,23.96
2019-01-01,24.16
2019-02-01,24.11
2019-03-01,24.19
2019-04-01,24.14
2019-05-01,24.02
2019-06-01,24.08
2019-07-01,24.41
2019-08-01,24.40
2019-09-01,24.54
2019-10-01,24.67
2019-11-01,24.63
2019-12-01,24.74
2020-01-01,24.83
2020-02-01,24.84
2020-03-01,24.98
2020-04-01,25.34
2020-05-01,25.31
2020-06-01,25.23
2020-07-01,25.38
2020-08-01,25.47
2020-09-01,25.65
2020-10-01,25.69
2020-11-01,25.80
2020-12-01,26.29
2021-01-01,26.21
2021-02-01,26.24
2021-03-01,26.41
2021-04-01,26.70
2021-05-01,26.71
2021-06-01,26.80
2021-07-01,27.13
2021-08-01,27.38
2021-09-01,27.76
2021-10-01,27.83
2021-11-01,27.90
2021-12-01,28.30
2022-01-01,28.47
2022-02-01,28.37
2022-03-01,28.53
2022-04-01,28.78
2022-05-01,28.69
2022-06-01,28.81
2022-07-01,29.12
2022-08-01,29.24
2022-09-01,29.36
2022-10-01,29.45
2022-11-01,29.56
2022-12-01,29.77
2023-01-01,29.95
2023-02-01,29.69
2023-03-01,29.96
2023-04-01,30.11
2023-05-01,30.04
2023-06-01,30.07
2023-07-01,30.37
2023-08-01,30.28
2023-09-01,30.60
2023-10-01,30.70
2023-11-01,30.63
2023-12-01,30.81
2024-01-01,30.93
2024-02-01,30.84
2024-03-01,31.02
2024-04-01,31.17
2024-05-01,31.22
2024-06-01,31.29
2024-07-01,31.56
2024-08-01,31.66
2024-09-01,31.85
2024-10-01,31.89
2024-11-01,31.91
2024-12-01,32.13
2025-01-01,32.39
2025-02-01,32.35
2025-03-01,32.50
2025-04-01,32.62
2025-05-01,32.60
2025-06-01,32.57
2025-07-01,32.88
2025-08-01,32.95
2025-09-01,33.04
2025-10-01,33.13
2025-11-01,33.02
2025-12-01,33.09
2026-01-01,33.28
2026-02-01,33.11
2026-03-01,33.06
2026-04-01,33.23
2026-05-01,33.15
2026-06-01,33.01
2026-07-01,33.20
2026-08-01,33.35
