observation_date,CEU4200000008
1972-01-01,3.48
1972-02-01,3.48
1972-03-01,3.49
1972-04-01,3.50
1972-05-01,3.50
1972-06-01,3.51
1972-07-01,3.52
1972-08-01,3.52
1972-09-01,3.56
1972-10-01,3.57
1972-11-01,3.57
1972-12-01,3.58
1973-01-01,3.61
1973-02-01,3.63
1973-03-01,3.64
1973-04-01,3.66
1973-05-01,3.66
1973-06-01,3.68
1973-07-01,3.69
1973-08-01,3.69
1973-09-01,3.73
1973-10-01,3.74
1973-11-01,3.74
1973-12-01,3.76
1974-01-01,3.81
1974-02-01,3.81
1974-03-01,3.82
1974-04-01,3.84
1974-05-01,3.90
1974-06-01,3.93
1974-07-01,3.94
1974-08-01,3.96
1974-09-01,4.00
1974-10-01,4.01
1974-11-01,4.01
1974-12-01,4.02
1975-01-01,4.08
1975-02-01,4.10
1975-03-01,4.11
1975-04-01,4.12
1975-05-01,4.13
1975-06-01,4.15
1975-07-01,4.15
1975-08-01,4.15
1975-09-01,4.19
1975-10-01,4.21
1975-11-01,4.22
1975-12-01,4.22
1976-01-01,4.29
1976-02-01,4.29
1976-03-01,4.30
1976-04-01,4.31
1976-05-01,4.33
1976-06-01,4.34
1976-07-01,4.35
1976-08-01,4.37
1976-09-01,4.44
1976-10-01,4.46
1976-11-01,4.48
1976-12-01,4.48
1977-01-01,4.55
1977-02-01,4.58
1977-03-01,4.59
1977-04-01,4.61
1977-05-01,4.63
1977-06-01,4.64
1977-07-01,4.66
1977-08-01,4.65
1977-09-01,4.71
1977-10-01,4.73
1977-11-01,4.75
1977-12-01,4.75
1978-01-01,4.91
1978-02-01,4.91
1978-03-01,4.92
1978-04-01,4.96
1978-05-01,4.97
1978-06-01,4.98
1978-07-01,5.01
1978-08-01,5.01
1978-09-01,5.07
1978-10-01,5.11
1978-11-01,5.13
1978-12-01,5.14
1979-01-01,5.29
1979-02-01,5.29
1979-03-01,5.30
1979-04-01,5.32
1979-05-01,5.31
1979-06-01,5.32
1979-07-01,5.34
1979-08-01,5.35
1979-09-01,5.41
1979-10-01,5.42
1979-11-01,5.45
1979-12-01,5.44
1980-01-01,5.61
1980-02-01,5.61
1980-03-01,5.64
1980-04-01,5.64
1980-05-01,5.66
1980-06-01,5.67
1980-07-01,5.72
1980-08-01,5.73
1980-09-01,5.79
1980-10-01,5.82
1980-11-01,5.87
1980-12-01,5.84
1981-01-01,6.01
1981-02-01,6.03
1981-03-01,6.04
1981-04-01,6.06
1981-05-01,6.07
1981-06-01,6.07
1981-07-01,6.09
1981-08-01,6.10
1981-09-01,6.21
1981-10-01,6.15
1981-11-01,6.17
1981-12-01,6.16
1982-01-01,6.28
1982-02-01,6.28
1982-03-01,6.28
1982-04-01,6.30
1982-05-01,6.33
1982-06-01,6.33
1982-07-01,6.34
1982-08-01,6.35
1982-09-01,6.38
1982-10-01,6.41
1982-11-01,6.45
1982-12-01,6.43
1983-01-01,6.55
1983-02-01,6.58
1983-03-01,6.56
1983-04-01,6.58
1983-05-01,6.60
1983-06-01,6.60
1983-07-01,6.61
1983-08-01,6.60
1983-09-01,6.66
1983-10-01,6.67
1983-11-01,6.69
1983-12-01,6.66
1984-01-01,6.75
1984-02-01,6.74
1984-03-01,6.74
1984-04-01,6.75
1984-05-01,6.73
1984-06-01,6.73
1984-07-01,6.72
1984-08-01,6.68
1984-09-01,6.75
1984-10-01,6.74
1984-11-01,6.79
1984-12-01,6.76
1985-01-01,6.82
1985-02-01,6.84
1985-03-01,6.83
1985-04-01,6.82
1985-05-01,6.83
1985-06-01,6.81
1985-07-01,6.80
1985-08-01,6.79
1985-09-01,6.89
1985-10-01,6.86
1985-11-01,6.88
1985-12-01,6.91
1986-01-01,6.94
1986-02-01,6.96
1986-03-01,6.94
1986-04-01,6.93
1986-05-01,6.92
1986-06-01,6.91
1986-07-01,6.89
1986-08-01,6.88
1986-09-01,6.97
1986-10-01,6.97
1986-11-01,6.99
1986-12-01,6.98
1987-01-01,7.00
1987-02-01,7.00
1987-03-01,6.99
1987-04-01,7.00
1987-05-01,7.01
1987-06-01,6.99
1987-07-01,6.99
1987-08-01,6.99
1987-09-01,7.12
1987-10-01,7.08
1987-11-01,7.11
1987-12-01,7.11
1988-01-01,7.17
1988-02-01,7.16
1988-03-01,7.17
1988-04-01,7.20
1988-05-01,7.21
1988-06-01,7.19
1988-07-01,7.21
1988-08-01,7.19
1988-09-01,7.31
1988-10-01,7.33
1988-11-01,7.36
1988-12-01,7.35
1989-01-01,7.41
1989-02-01,7.41
1989-03-01,7.41
1989-04-01,7.45
1989-05-01,7.42
1989-06-01,7.41
1989-07-01,7.42
1989-08-01,7.42
1989-09-01,7.53
1989-10-01,7.55
1989-11-01,7.57
1989-12-01,7.59
1990-01-01,7.64
1990-02-01,7.66
1990-03-01,7.70
1990-04-01,7.72
1990-05-01,7.69
1990-06-01,7.70
1990-07-01,7.69
1990-08-01,7.69
1990-09-01,7.79
1990-10-01,7.74
1990-11-01,7.75
1990-12-01,7.70
1991-01-01,7.78
1991-02-01,7.81
1991-03-01,7.84
1991-04-01,7.89
1991-05-01,7.88
1991-06-01,7.89
1991-07-01,7.88
1991-08-01,7.88
1991-09-01,7.98
1991-10-01,7.95
1991-11-01,7.96
1991-12-01,7.91
1992-01-01,8.01
1992-02-01,8.04
1992-03-01,8.09
1992-04-01,8.10
1992-05-01,8.10
1992-06-01,8.10
1992-07-01,8.10
1992-08-01,8.12
1992-09-01,8.23
1992-10-01,8.20
1992-11-01,8.21
1992-12-01,8.13
1993-01-01,8.27
1993-02-01,8.31
1993-03-01,8.32
1993-04-01,8.35
1993-05-01,8.38
1993-06-01,8.35
1993-07-01,8.35
1993-08-01,8.36
1993-09-01,8.41
1993-10-01,8.45
1993-11-01,8.42
1993-12-01,8.37
1994-01-01,8.53
1994-02-01,8.56
1994-03-01,8.57
1994-04-01,8.62
1994-05-01,8.62
1994-06-01,8.59
1994-07-01,8.60
1994-08-01,8.57
1994-09-01,8.68
1994-10-01,8.69
1994-11-01,8.65
1994-12-01,8.63
1995-01-01,8.75
1995-02-01,8.78
1995-03-01,8.78
1995-04-01,8.83
1995-05-01,8.81
1995-06-01,8.82
1995-07-01,8.86
1995-08-01,8.83
1995-09-01,8.96
1995-10-01,8.95
1995-11-01,8.91
1995-12-01,8.90
1996-01-01,9.04
1996-02-01,9.08
1996-03-01,9.13
1996-04-01,9.17
1996-05-01,9.17
1996-06-01,9.24
1996-07-01,9.16
1996-08-01,9.19
1996-09-01,9.31
1996-10-01,9.32
1996-11-01,9.31
1996-12-01,9.29
1997-01-01,9.43
1997-02-01,9.50
1997-03-01,9.55
1997-04-01,9.56
1997-05-01,9.55
1997-06-01,9.57
1997-07-01,9.55
1997-08-01,9.58
1997-09-01,9.70
1997-10-01,9.69
1997-11-01,9.73
1997-12-01,9.66
1998-01-01,9.85
1998-02-01,9.90
1998-03-01,9.97
1998-04-01,10.03
1998-05-01,10.05
1998-06-01,10.01
1998-07-01,10.02
1998-08-01,10.08
1998-09-01,10.23
1998-10-01,10.15
1998-11-01,10.16
1998-12-01,10.14
1999-01-01,10.30
1999-02-01,10.33
1999-03-01,10.35
1999-04-01,10.41
1999-05-01,10.43
1999-06-01,10.41
1999-07-01,10.41
1999-08-01,10.45
1999-09-01,10.57
1999-10-01,10.57
1999-11-01,10.55
1999-12-01,10.54
2000-01-01,10.67
2000-02-01,10.75
2000-03-01,10.79
2000-04-01,10.88
2000-05-01,10.81
2000-06-01,10.81
2000-07-01,10.83
2000-08-01,10.83
2000-09-01,10.99
2000-10-01,11.00
2000-11-01,10.98
2000-12-01,11.00
2001-01-01,11.09
2001-02-01,11.15
2001-03-01,11.20
2001-04-01,11.28
2001-05-01,11.26
2001-06-01,11.28
2001-07-01,11.23
2001-08-01,11.25
2001-09-01,11.41
2001-10-01,11.41
2001-11-01,11.45
2001-12-01,11.42
2002-01-01,11.55
2002-02-01,11.55
2002-03-01,11.64
2002-04-01,11.68
2002-05-01,11.61
2002-06-01,11.64
2002-07-01,11.59
2002-08-01,11.63
2002-09-01,11.80
2002-10-01,11.77
2002-11-01,11.73
2002-12-01,11.75
2003-01-01,11.86
2003-02-01,11.91
2003-03-01,11.89
2003-04-01,11.89
2003-05-01,11.86
2003-06-01,11.89
2003-07-01,11.88
2003-08-01,11.88
2003-09-01,11.98
2003-10-01,11.90
2003-11-01,11.91
2003-12-01,11.86
2004-01-01,11.97
2004-02-01,12.03
2004-03-01,12.02
2004-04-01,12.06
2004-05-01,12.06
2004-06-01,12.07
2004-07-01,12.05
2004-08-01,12.07
2004-09-01,12.22
2004-10-01,12.16
2004-11-01,12.15
2004-12-01,12.09
2005-01-01,12.33
2005-02-01,12.34
2005-03-01,12.34
2005-04-01,12.42
2005-05-01,12.39
2005-06-01,12.33
2005-07-01,12.43
2005-08-01,12.37
2005-09-01,12.36
2005-10-01,12.41
2005-11-01,12.27
2005-12-01,12.24
2006-01-01,12.46
2006-02-01,12.46
2006-03-01,12.50
2006-04-01,12.69
2006-05-01,12.55
2006-06-01,12.59
2006-07-01,12.67
2006-08-01,12.61
2006-09-01,12.69
2006-10-01,12.69
2006-11-01,12.50
2006-12-01,12.49
2007-01-01,12.66
2007-02-01,12.70
2007-03-01,12.72
2007-04-01,12.82
2007-05-01,12.73
2007-06-01,12.75
2007-07-01,12.84
2007-08-01,12.77
2007-09-01,12.90
2007-10-01,12.84
2007-11-01,12.68
2007-12-01,12.63
2008-01-01,12.77
2008-02-01,12.80
2008-03-01,12.88
2008-04-01,12.89
2008-05-01,12.89
2008-06-01,12.89
2008-07-01,12.91
2008-08-01,12.92
2008-09-01,13.00
2008-10-01,12.88
2008-11-01,12.83
2008-12-01,12.73
2009-01-01,12.94
2009-02-01,12.97
2009-03-01,13.00
2009-04-01,12.98
2009-05-01,12.96
2009-06-01,12.93
2009-07-01,12.96
2009-08-01,13.09
2009-09-01,13.19
2009-10-01,13.04
2009-11-01,13.03
2009-12-01,12.97
2010-01-01,13.18
2010-02-01,13.21
2010-03-01,13.15
2010-04-01,13.25
2010-05-01,13.23
2010-06-01,13.19
2010-07-01,13.20
2010-08-01,13.25
2010-09-01,13.40
2010-10-01,13.36
2010-11-01,13.27
2010-12-01,13.20
2011-01-01,13.47
2011-02-01,13.42
2011-03-01,13.43
2011-04-01,13.51
2011-05-01,13.43
2011-06-01,13.41
2011-07-01,13.50
2011-08-01,13.45
2011-09-01,13.58
2011-10-01,13.72
2011-11-01,13.59
2011-12-01,13.50
2012-01-01,13.75
2012-02-01,13.76
2012-03-01,13.79
2012-04-01,13.91
2012-05-01,13.82
2012-06-01,13.85
2012-07-01,13.85
2012-08-01,13.75
2012-09-01,13.94
2012-10-01,13.85
2012-11-01,13.72
2012-12-01,13.71
2013-01-01,13.92
2013-02-01,13.95
2013-03-01,13.98
2013-04-01,13.98
2013-05-01,13.90
2013-06-01,14.03
2013-07-01,13.98
2013-08-01,13.97
2013-09-01,14.23
2013-10-01,14.10
2013-11-01,14.05
2013-12-01,13.94
2014-01-01,14.20
2014-02-01,14.30
2014-03-01,14.33
2014-04-01,14.38
2014-05-01,14.37
2014-06-01,14.44
2014-07-01,14.41
2014-08-01,14.39
2014-09-01,14.53
2014-10-01,14.50
2014-11-01,14.51
2014-12-01,14.12
2015-01-01,14.68
2015-02-01,14.71
2015-03-01,14.66
2015-04-01,14.71
2015-05-01,14.70
2015-06-01,14.77
2015-07-01,14.80
2015-08-01,14.86
2015-09-01,15.11
2015-10-01,15.01
2015-11-01,14.89
2015-12-01,14.65
2016-01-01,14.99
2016-02-01,14.98
2016-03-01,15.03
2016-04-01,15.05
2016-05-01,15.02
2016-06-01,14.95
2016-07-01,15.00
2016-08-01,14.92
2016-09-01,15.14
2016-10-01,15.12
2016-11-01,15.09
2016-12-01,14.98
2017-01-01,15.28
2017-02-01,15.23
2017-03-01,15.20
2017-04-01,15.32
2017-05-01,15.23
2017-06-01,15.25
2017-07-01,15.34
2017-08-01,15.26
2017-09-01,15.49
2017-10-01,15.41
2017-11-01,15.39
2017-12-01,15.27
2018-01-01,15.59
2018-02-01,15.52
2018-03-01,15.68
2018-04-01,15.94
2018-05-01,15.92
2018-06-01,15.85
2018-07-01,15.96
2018-08-01,15.90
2018-09-01,16.18
2018-10-01,16.07
2018-11-01,16.07
2018-12-01,16.11
2019-01-01,16.25
2019-02-01,16.27
2019-03-01,16.39
2019-04-01,16.55
2019-05-01,16.65
2019-06-01,16.63
2019-07-01,16.61
2019-08-01,16.62
2019-09-01,16.92
2019-10-01,16.74
2019-11-01,16.77
2019-12-01,16.72
2020-01-01,16.90
2020-02-01,16.98
2020-03-01,17.02
2020-04-01,17.68
2020-05-01,17.91
2020-06-01,18.06
2020-07-01,17.45
2020-08-01,17.71
2020-09-01,17.91
2020-10-01,17.85
2020-11-01,17.82
2020-12-01,17.72
2021-01-01,17.86
2021-02-01,17.79
2021-03-01,17.95
2021-04-01,18.43
2021-05-01,18.53
2021-06-01,18.58
2021-07-01,18.61
2021-08-01,18.67
2021-09-01,18.89
2021-10-01,19.02
2021-11-01,18.94
2021-12-01,18.98
2022-01-01,19.22
2022-02-01,19.28
2022-03-01,19.32
2022-04-01,19.59
2022-05-01,19.61
2022-06-01,19.61
2022-07-01,19.74
2022-08-01,19.71
2022-09-01,19.91
2022-10-01,20.01
2022-11-01,19.98
2022-12-01,19.84
2023-01-01,20.16
2023-02-01,20.30
2023-03-01,20.27
2023-04-01,20.68
2023-05-01,20.54
2023-06-01,20.54
2023-07-01,20.58
2023-08-01,20.56
2023-09-01,20.76
2023-10-01,20.66
2023-11-01,20.57
2023-12-01,20.52
2024-01-01,20.71
2024-02-01,20.71
2024-03-01,20.84
2024-04-01,20.93
2024-05-01,21.01
2024-06-01,21.04
2024-07-01,20.89
2024-08-01,20.98
2024-09-01,21.13
2024-10-01,20.99
2024-11-01,21.02
2024-12-01,21.03
2025-01-01,21.17
2025-02-01,21.24
2025-03-01,21.37
2025-04-01,21.48
2025-05-01,21.54
2025-06-01,21.66
2025-07-01,21.65
2025-08-01,21.69
2025-09-01,21.82
2025-10-01,21.81
2025-11-01,21.88
2025-12-01,21.79
2026-01-01,21.97
2026-02-01,22.01
2026-03-01,22.13
2026-04-01,22.24
2026-05-01,22.32
2026-06-01,22.29
2026-07-01,22.31
2026-08-01,22.42
2026-09-01,22.72
