,ic
2014-11,0.09340659340659342
2014-12,-0.7637362637362639
2015-01,-0.20879120879120883
2015-02,0.2417582417582418
2015-03,0.14285714285714288
2015-04,-0.04395604395604396
2015-05,0.032967032967032975
2015-06,0.31911997177082313
2015-07,-0.1208791208791209
2015-08,-0.4505494505494506
2015-09,-0.08791208791208792
2015-10,0.0
2015-11,-0.39560439560439564
2015-12,-0.03846153846153847
2016-01,0.14835164835164838
2016-02,0.2527472527472528
2016-03,0.3846153846153847
2016-04,-0.07692307692307694
2016-05,-0.032967032967032975
2016-06,0.3186813186813187
2016-07,0.08791208791208792
2016-08,0.016483516483516487
2016-09,0.15384615384615388
2016-10,0.01098901098901099
2016-11,-0.04395604395604396
2016-12,-0.1263736263736264
2017-01,-0.3846153846153847
2017-02,-0.2472527472527473
2017-03,0.32417582417582425
2017-04,0.06043956043956045
2017-05,-0.18681318681318684
2017-06,0.07142857142857144
2017-07,0.2802197802197803
2017-08,0.1098901098901099
2017-09,-0.1098901098901099
2017-10,0.25034411578573196
2017-11,-0.15934065934065936
2017-12,-0.6098901098901099
2018-01,-0.027472527472527476
2018-02,0.10439560439560441
2018-03,0.5000000000000001
2018-04,0.027472527472527476
2018-05,0.02197802197802198
2018-06,-0.42857142857142866
2018-07,-0.08241758241758243
2018-08,-0.14285714285714288
2018-09,-0.06043956043956045
2018-10,-0.25824175824175827
2018-11,0.2197802197802198
2018-12,-0.20879120879120883
2019-01,-0.15384615384615388
2019-02,-0.29120879120879123
2019-03,0.3296703296703297
2019-04,-0.06593406593406595
2019-05,-0.07142857142857144
2019-06,-0.04395604395604396
2019-07,-0.02197802197802198
2019-08,-0.2307692307692308
2019-09,-0.03846153846153847
2019-10,0.2197802197802198
2019-11,0.06593406593406595
2019-12,-0.20907860219467725
2020-01,0.4395604395604396
2020-02,-0.07692307692307694
2020-03,-0.10439560439560441
2020-04,0.06043956043956045
2020-05,-0.10439560439560441
2020-06,0.0
2020-07,0.1208791208791209
2020-08,-0.5164835164835165
2020-09,0.01098901098901099
2020-10,0.25824175824175827
2020-11,0.30219780219780223
2020-12,0.1318681318681319
2021-01,0.07692307692307694
2021-02,0.04395604395604396
2021-03,0.1208791208791209
2021-04,0.2802197802197803
2021-05,-0.2362637362637363
2021-06,-0.15680895164600794
2021-07,-0.41758241758241765
2021-08,0.14285714285714288
2021-09,-0.32417582417582425
2021-10,-0.27472527472527475
2021-11,-0.03846153846153847
2021-12,0.18681318681318684
2022-01,-0.04395604395604396
2022-02,-0.543956043956044
2022-03,0.06593406593406595
2022-04,0.29120879120879123
2022-05,-0.14835164835164838
2022-06,0.3736263736263737
2022-07,-0.14835164835164838
2022-08,0.2692307692307693
2022-09,-0.04395604395604396
2022-10,-0.25824175824175827
2022-11,-0.08241758241758243
2022-12,0.005494505494505495
2023-01,-0.1208791208791209
2023-02,-0.04395604395604396
2023-03,0.3681318681318682
2023-04,0.42307692307692313
2023-05,-0.3351648351648352
2023-06,-0.09340659340659342
2023-07,-0.27472527472527475
2023-08,0.027472527472527476
2023-09,0.01098901098901099
2023-10,-0.2802197802197803
2023-11,-0.2307692307692308
2023-12,-0.3571428571428572
2024-01,0.4395604395604396
2024-02,-0.20329670329670332
2024-03,-0.3461538461538462
2024-04,0.5604395604395606
2024-05,-0.39010989010989017
2024-06,0.32417582417582425
2024-07,-0.3461538461538462
2024-08,-0.6373626373626374
2024-09,0.03846153846153847
2024-10,-0.2637362637362638
2024-11,-0.02197802197802198
2024-12,-0.521978021978022
2025-01,0.17582417582417584
2025-02,-0.03846153846153847
2025-03,0.3296703296703297
2025-04,0.03846153846153847
2025-05,0.5502068478807296
2025-06,0.32417582417582425
2025-07,0.2252747252747253
2025-08,0.1318681318681319
2025-09,-0.08791208791208792
2025-10,-0.3681318681318682
2025-11,0.2197802197802198
2025-12,0.016483516483516487
2026-01,0.09890109890109891
2026-02,0.28571428571428575
2026-03,0.3186813186813187
2026-04,-0.37912087912087916
2026-05,-0.5824175824175825
2026-06,0.02197802197802198
2026-07,-0.01098901098901099
2026-08,-0.2417582417582418
