month,gross,net,turnover,hedge_turnover,total_net,risk_free,cost,borrow_financing,borrow_base,finance_base,ex_ante_vol,gross_leverage,market_hedge,active,long_only_turnover
2007-06,-0.005878536895319454,-0.00762510585370572,1.6832111979828328,0.31678880201716686,-0.00362510585370572,0.004,0.001746568958386266,0.0,1.1583944010085832,0,0.07674628143776097,1.9999999999999996,-0.31678880201716686,0.014307818867656977,0.3333333333333333
2007-07,0.011152847191479303,0.011095212668646534,0.0574588389515876,0.0008784194059056061,0.015095212668646534,0.004,5.763452283276872e-05,0.0,1.1569299535674362,0,0.07609925113351933,2.0,-0.3138599071348725,0.011521030126175752,0.34381166333485175
2007-08,-0.030052857733008864,-0.030313760790551057,0.2536405299448493,0.036312637986721186,-0.02611376079055106,0.0042,0.00026090305754219355,0.0,1.167620011872112,0,0.0743221169829104,2.0,-0.33524002374422385,-0.020448106400473506,0.3468276358715364
2007-09,-0.03868464684464547,-0.03891860037463405,0.22853265852101634,0.027104357337823348,-0.03571860037463405,0.0032,0.00023395352998858103,0.0,1.1609031500884681,0,0.07550268161043026,2.0000000000000004,-0.3218063001769363,-0.026525351658609104,0.2396130607284708
2007-10,0.01882058751166932,0.01855845051455278,0.25891991516690993,0.016085409748157142,0.02175845051455278,0.0032,0.0002621369971165414,0.0,1.1647275276185585,0,0.08098792642058399,2.0,-0.3294550552371169,0.015223625310647328,0.23435379046841412
2007-11,-0.03338943759304678,-0.03345208562430486,0.05333849135987845,0.04654769949100118,-0.030052085624304857,0.0034000000000000002,6.264803125807869e-05,0.0,1.1878952222103956,0,0.07904810210195536,2.0,-0.3757904444207908,-0.04734098234997604,0.026503298609935777
2007-12,0.016495727346328506,0.01599978840491401,0.4696542896996616,0.13142325857417306,0.01869978840491401,0.0027,0.0004959389414144963,0.0,1.1193654172627339,0,0.07574659626000697,2.0,-0.2387308345254678,-0.0016734236011856536,0.2352441908087315
2008-01,0.026654375134295086,0.026151598610003317,0.4853030688635591,0.08736727714105696,0.028251598610003318,0.0021,0.0005027765242917705,0.0,1.0727875986964772,0,0.07500841659351472,2.0,-0.14557519739295494,0.010448176465580855,0.2208506047654737
2008-02,0.01348915996894943,0.012657297402621476,0.8075450957635,0.1215873528222719,0.013957297402621475,0.0013,0.0008318625663279543,0.0,1.0056689252599975,0,0.06348882291998688,2.0000000000000004,-0.011337850519994697,-0.00413531927286415,0.47004111360255524
2008-03,0.007040740629126814,0.0067612282218253595,0.26901708673148167,0.05247660284986608,0.00846122822182536,0.0017000000000000001,0.00027951240730145487,0.0,0.9791870997101967,0,0.05871351698215576,1.9999999999999998,0.041625800579606284,0.008608312574232923,0.3400798840148602
2008-04,0.009187659752127382,0.008506387765330893,0.6644539701160312,0.0840900834022851,0.010306387765330893,0.0018,0.0006812719867964882,0.0,0.9374755978835961,0,0.05481460381954529,1.9999999999999998,0.12504880423280734,-0.02720232555353876,0.3339953886672564
2008-05,0.0,-0.0019770659706470546,1.951125593838115,0.12970188404470015,-0.0001770659706470546,0.0018,0.0019770659706470546,0.0,-0.0,0,0.0,0.0,-0.0,-0.021565862680599693,0.34465159380329335
2008-06,0.0,0.0,0.0,0.0,0.0017000000000000001,0.0017000000000000001,0.0,0.0,-0.0,0,0.0,0.0,-0.0,0.08648440513039561,0.0
2008-07,0.0,0.0,0.0,0.0,0.0015,0.0015,0.0,0.0,-0.0,0,0.0,0.0,-0.0,0.009387921527510626,0.0
2008-08,0.0,0.0,0.0,0.0,0.0013,0.0013,0.0,0.0,-0.0,0,0.0,0.0,-0.0,-0.02972384211934697,0.0
2008-09,0.0,0.0,0.0,0.0,0.0015,0.0015,0.0,0.0,-0.0,0,0.0,0.0,-0.0,0.09417505935605996,0.0
2008-10,0.0,0.0,0.0,0.0,0.0008,0.0008,0.0,0.0,-0.0,0,0.0,0.0,-0.0,0.19470389424957937,0.0
2008-11,0.0,0.0,0.0,0.0,0.0003,0.0003,0.0,0.0,-0.0,0,0.0,0.0,-0.0,0.08448153073328149,0.0
2008-12,0.0,0.0,0.0,0.0,0.0,0.0,0.0,0.0,-0.0,0,0.0,0.0,-0.0,-0.0433552120048067,0.0
2009-01,0.0,0.0,0.0,0.0,0.0,0.0,0.0,0.0,-0.0,0,0.0,0.0,-0.0,0.07621756629888256,0.0
2009-02,0.0,0.0,0.0,0.0,0.0001,0.0001,0.0,0.0,-0.0,0,0.0,0.0,-0.0,0.10707714548960443,0.0
2009-03,0.0,0.0,0.0,0.0,0.0002,0.0002,0.0,0.0,-0.0,0,0.0,0.0,-0.0,-0.07745266832865366,0.0
2009-04,0.0,0.0,0.0,0.0,0.0001,0.0001,0.0,0.0,-0.0,0,0.0,0.0,-0.0,-0.15206130037055074,0.0
2009-05,0.0,0.0,0.0,0.0,0.0,0.0,0.0,0.0,-0.0,0,0.0,0.0,-0.0,-0.03717480513568567,0.0
2009-06,0.0,0.0,0.0,0.0,0.0001,0.0001,0.0,0.0,-0.0,0,0.0,0.0,-0.0,-0.003476702404141089,0.0
2009-07,0.0,0.0,0.0,0.0,0.0001,0.0001,0.0,0.0,-0.0,0,0.0,0.0,-0.0,-0.0743977327537838,0.0
2009-08,0.0,0.0,0.0,0.0,0.0001,0.0001,0.0,0.0,-0.0,0,0.0,0.0,-0.0,-0.04217029760842054,0.0
2009-09,0.0,0.0,0.0,0.0,0.0001,0.0001,0.0,0.0,-0.0,0,0.0,0.0,-0.0,-0.036354912896204156,0.0
2009-10,0.0,0.0,0.0,0.0,0.0,0.0,0.0,0.0,-0.0,0,0.0,0.0,-0.0,0.03607212415397258,0.0
2009-11,0.0,0.0,0.0,0.0,0.0,0.0,0.0,0.0,-0.0,0,0.0,0.0,-0.0,-0.05173666145156292,0.0
2009-12,0.0,0.0,0.0,0.0,0.0001,0.0001,0.0,0.0,-0.0,0,0.0,0.0,-0.0,-0.044731941667390696,0.0
2010-01,0.0,0.0,0.0,0.0,0.0,0.0,0.0,0.0,-0.0,0,0.0,0.0,-0.0,0.03149622827835759,0.0
2010-02,0.0,0.0,0.0,0.0,0.0,0.0,0.0,0.0,-0.0,0,0.0,0.0,-0.0,-0.03674449222562255,0.0
2010-03,0.0,0.0,0.0,0.0,0.0001,0.0001,0.0,0.0,-0.0,0,0.0,0.0,-0.0,-0.06970806837334072,0.0
2010-04,0.0,0.0,0.0,0.0,0.0001,0.0001,0.0,0.0,-0.0,0,0.0,0.0,-0.0,-0.036181634652096666,0.0
2010-05,0.0,0.0,0.0,0.0,0.0001,0.0001,0.0,0.0,-0.0,0,0.0,0.0,-0.0,0.07261694291946157,0.0
2010-06,0.0,0.0,0.0,0.0,0.0001,0.0001,0.0,0.0,-0.0,0,0.0,0.0,-0.0,0.06965213672147465,0.0
2010-07,0.0,0.0,0.0,0.0,0.0001,0.0001,0.0,0.0,-0.0,0,0.0,0.0,-0.0,-0.0636275072850076,0.0
2010-08,0.0,0.0,0.0,0.0,0.0001,0.0001,0.0,0.0,-0.0,0,0.0,0.0,-0.0,0.046997514133773004,0.0
2010-09,0.0,0.0,0.0,0.0,0.0001,0.0001,0.0,0.0,-0.0,0,0.0,0.0,-0.0,-0.09871153125094122,0.0
2010-10,0.0,0.0,0.0,0.0,0.0001,0.0001,0.0,0.0,-0.0,0,0.0,0.0,-0.0,-0.028893193534437863,0.0
2010-11,0.0,0.0,0.0,0.0,0.0001,0.0001,0.0,0.0,-0.0,0,0.0,0.0,-0.0,-0.013902594053135263,0.0
2010-12,0.0,0.0,0.0,0.0,0.0001,0.0001,0.0,0.0,-0.0,0,0.0,0.0,-0.0,-0.06865103538404363,0.0
2011-01,0.0,0.0,0.0,0.0,0.0001,0.0001,0.0,0.0,-0.0,0,0.0,0.0,-0.0,-0.018096419669109274,0.0
2011-02,0.0,0.0,0.0,0.0,0.0001,0.0001,0.0,0.0,-0.0,0,0.0,0.0,-0.0,-0.04181465482087255,0.0
2011-03,0.0,0.0,0.0,0.0,0.0001,0.0001,0.0,0.0,-0.0,0,0.0,0.0,-0.0,-0.013207134710316905,0.0
2011-04,0.0,0.0,0.0,0.0,0.0,0.0,0.0,0.0,-0.0,0,0.0,0.0,-0.0,-0.027447224579330052,0.0
2011-05,0.0,0.0,0.0,0.0,0.0,0.0,0.0,0.0,-0.0,0,0.0,0.0,-0.0,0.00588420241362654,0.0
2011-06,0.0,0.0,0.0,0.0,0.0,0.0,0.0,0.0,-0.0,0,0.0,0.0,-0.0,0.019300988091641418,0.0
2011-07,0.0,0.0,0.0,0.0,0.0,0.0,0.0,0.0,-0.0,0,0.0,0.0,-0.0,0.03271872708576485,0.0
2011-08,0.0,0.0,0.0,0.0,0.0001,0.0001,0.0,0.0,-0.0,0,0.0,0.0,-0.0,0.06720487810034975,0.0
2011-09,0.0,0.0,0.0,0.0,0.0,0.0,0.0,0.0,-0.0,0,0.0,0.0,-0.0,0.08719813255741136,0.0
2011-10,0.0,0.0,0.0,0.0,0.0,0.0,0.0,0.0,-0.0,0,0.0,0.0,-0.0,-0.125030842936929,0.0
2011-11,0.0,0.0,0.0,0.0,0.0,0.0,0.0,0.0,-0.0,0,0.0,0.0,-0.0,-0.006920857576437429,0.0
2011-12,0.0,0.0,0.0,0.0,0.0,0.0,0.0,0.0,-0.0,0,0.0,0.0,-0.0,-0.010823064117047096,0.0
2012-01,0.0,0.0,0.0,0.0,0.0,0.0,0.0,0.0,-0.0,0,0.0,0.0,-0.0,-0.052325411844449755,0.0
2012-02,0.0,0.0,0.0,0.0,0.0,0.0,0.0,0.0,-0.0,0,0.0,0.0,-0.0,-0.044633334896313576,0.0
2012-03,0.0,0.0,0.0,0.0,0.0,0.0,0.0,0.0,-0.0,0,0.0,0.0,-0.0,-0.027024785653840103,0.0
2012-04,0.0,0.0,0.0,0.0,0.0,0.0,0.0,0.0,-0.0,0,0.0,0.0,-0.0,-0.002698118222365743,0.0
2012-05,0.0,0.0,0.0,0.0,0.0001,0.0001,0.0,0.0,-0.0,0,0.0,0.0,-0.0,0.05671712899137168,0.0
2012-06,0.0,0.0,0.0,0.0,0.0,0.0,0.0,0.0,-0.0,0,0.0,0.0,-0.0,-0.04754792112674833,0.0
2012-07,0.0,0.0,0.0,0.0,0.0,0.0,0.0,0.0,-0.0,0,0.0,0.0,-0.0,-4.380282577751298e-05,0.0
2012-08,0.0,0.0,0.0,0.0,0.0001,0.0001,0.0,0.0,-0.0,0,0.0,0.0,-0.0,-0.02899739089733246,0.0
2012-09,0.0,0.0,0.0,0.0,0.0001,0.0001,0.0,0.0,-0.0,0,0.0,0.0,-0.0,-0.033167141437646826,0.0
2012-10,0.0,0.0,0.0,0.0,0.0001,0.0001,0.0,0.0,-0.0,0,0.0,0.0,-0.0,0.009903424086585347,0.0
2012-11,0.0,0.0,0.0,0.0,0.0001,0.0001,0.0,0.0,-0.0,0,0.0,0.0,-0.0,-0.008083529881716874,0.0
2012-12,0.0,0.0,0.0,0.0,0.0001,0.0001,0.0,0.0,-0.0,0,0.0,0.0,-0.0,-0.021443875099391604,0.0
2013-01,0.0,0.0,0.0,0.0,0.0,0.0,0.0,0.0,-0.0,0,0.0,0.0,-0.0,-0.06406782197194544,0.0
2013-02,0.0,0.0,0.0,0.0,0.0,0.0,0.0,0.0,-0.0,0,0.0,0.0,-0.0,-0.010800273049402521,0.0
2013-03,0.0,0.0,0.0,0.0,0.0,0.0,0.0,0.0,-0.0,0,0.0,0.0,-0.0,-0.048336073474566005,0.0
2013-04,0.0,0.0,0.0,0.0,0.0,0.0,0.0,0.0,-0.0,0,0.0,0.0,-0.0,-0.00823176209764081,0.0
2013-05,0.0,0.0,0.0,0.0,0.0,0.0,0.0,0.0,-0.0,0,0.0,0.0,-0.0,-0.020385195432775734,0.0
2013-06,0.0,0.0,0.0,0.0,0.0,0.0,0.0,0.0,-0.0,0,0.0,0.0,-0.0,0.011937603821978858,0.0
2013-07,0.0,0.0,0.0,0.0,0.0,0.0,0.0,0.0,-0.0,0,0.0,0.0,-0.0,-0.04417486007548447,0.0
2013-08,0.0,0.0,0.0,0.0,0.0,0.0,0.0,0.0,-0.0,0,0.0,0.0,-0.0,0.03409582644661124,0.0
2013-09,0.0,0.0,0.0,0.0,0.0,0.0,0.0,0.0,-0.0,0,0.0,0.0,-0.0,-0.044144860798027694,0.0
2013-10,0.0,0.0,0.0,0.0,0.0,0.0,0.0,0.0,-0.0,0,0.0,0.0,-0.0,-0.043436489714442056,0.0
2013-11,0.0,0.0,0.0,0.0,0.0,0.0,0.0,0.0,-0.0,0,0.0,0.0,-0.0,-0.02916805061230688,0.0
2013-12,0.0,0.0,0.0,0.0,0.0,0.0,0.0,0.0,-0.0,0,0.0,0.0,-0.0,-0.025389926876071237,0.0
2014-01,0.0,0.0,0.0,0.0,0.0,0.0,0.0,0.0,-0.0,0,0.0,0.0,-0.0,0.03152842090937439,0.0
2014-02,0.0,0.0,0.0,0.0,0.0,0.0,0.0,0.0,-0.0,0,0.0,0.0,-0.0,-0.04343421455088961,0.0
2014-03,0.0,0.0,0.0,0.0,0.0,0.0,0.0,0.0,-0.0,0,0.0,0.0,-0.0,-0.0032629098949341125,0.0
2014-04,0.0,0.0,0.0,0.0,0.0,0.0,0.0,0.0,-0.0,0,0.0,0.0,-0.0,0.004417611064025447,0.0
2014-05,0.0,0.0,0.0,0.0,0.0,0.0,0.0,0.0,-0.0,0,0.0,0.0,-0.0,-0.021327221605762985,0.0
2014-06,0.0,0.0,0.0,0.0,0.0,0.0,0.0,0.0,-0.0,0,0.0,0.0,-0.0,-0.025973589205736516,0.0
2014-07,-0.035429763659547114,-0.037173214816468056,1.6793139461511737,0.3206860538488261,-0.037173214816468056,0.0,0.0017434511569209387,0.0,1.160343026924413,0,0.06881331318226035,1.9999999999999998,-0.3206860538488261,0.006894711803268994,0.3333333333333333
2014-08,8.177132298484505e-05,-0.0005601054011028883,0.6345626992813229,0.03657012403205234,-0.0005601054011028883,0.0,0.0006418767240877333,0.0,1.1814380464314977,0,0.06790101868545051,1.9999999999999998,-0.36287609286299566,-0.01114001358977769,0.3449316733471089
2014-09,-0.03357015165831606,-0.03390537675092221,0.33402348732713605,0.006008026395061428,-0.03390537675092221,0.0,0.00033522509260614837,0.0,1.1922410254703868,0,0.06906919899423106,2.0,-0.38448205094077326,-0.03835405864230046,0.32285123566318785
