,1,2,3,4,5,6,7,8,9,10,11,12,13
2014-11,0.00041475252020181755,0.0009090295885991535,0.0006930473351209954,-0.0004107014925999254,0.00016311549434236048,0.0006913940575126215,0.0003820134830111204,0.0003091567117058494,-0.00024532944388048225,-0.0006097491408123888,-0.002051951607009373,-0.00039191019996579553,0.0001470432881845499
2014-12,0.00013080171726158614,0.0010389180196379083,0.0009268424326865182,-9.636651342634941e-05,0.0005788934166971008,-0.0010059792455989695,0.0006246859811567495,0.00031106458760678664,-0.0001955707846272583,-0.0006646034562258526,-0.0019275160961368372,-2.9837571714914406e-05,0.00030858356759763976
2015-01,0.0003268525474660523,0.0011921396627925156,0.0013228377194556638,-0.0009431810231499782,0.0004701976428501749,-0.00113762558031434,0.00039012488915494145,0.0008836896334241414,-0.0008048168936251839,3.4526165695136615e-05,-0.001291277798165165,-0.0004348601281064362,-8.690317855053684e-06
2015-02,-0.0003539435934093073,0.0010718500855685922,0.00011895356432913133,-0.0005463722554566837,0.00046994092997435964,-0.000570403617410629,-4.944811064277009e-05,0.0013200212471060878,-0.00011589397753169242,5.687279326902378e-05,-0.0015477470215565928,0.0003799520999294663,-0.00023386036713323133
2015-03,-0.0004417512493662348,0.0006691676406766321,3.3091447744859125e-05,-8.83832814087038e-05,0.000694398396421197,0.0002971254879251497,-0.0005090289384789108,0.0012230117909353758,-3.143648460251869e-05,0.00038624959663303743,-0.0018294599001071339,-0.0004988582333710654,9.580177399842586e-05
2015-04,-0.0003577366229801657,0.0010387765388250045,6.211674529659932e-05,-0.0002730197743594172,0.000558880039999379,-0.0003266806892521466,-0.00015744713421405183,0.00018980462498956283,0.0006194205586415068,-0.0003690034214658068,-0.0015739815163899702,5.594496612401282e-05,0.0005328501137885418
2015-05,-0.00029097000498891893,0.0006418674026336921,0.00043704424206635187,-0.00032545241334189484,0.0006927577264981266,-0.00018634280028566433,-0.00043704698104441076,9.158267244539813e-05,0.0008131060852487974,-0.0011062234986390336,-0.0006498310760634777,1.2342043618523894e-05,0.0003070981595759125
2015-06,0.00044006989895573284,0.0003286600038579151,0.0002174372028854753,-0.0005152133105136969,0.0003853932728667529,-6.219276934415814e-05,-0.0007619154860062685,0.00021563620468823043,0.0006133913852600562,-0.0018997473519947335,-8.730174884399964e-05,0.0008024937019550193,0.0003232167215501208
2015-07,-0.0009206772108772551,-0.00046690600241729076,0.000438089710299206,3.520142748543438e-05,0.0005707391824565792,0.00022708197186914182,-0.0011200346877095688,0.000600324683589164,0.0005520994267705849,-0.0014151683327415364,9.970164084266087e-05,0.0010144160908153415,0.00038506915646357434
2015-08,-0.0008198194978222193,-0.0006649187971377439,0.00026396976965825897,-0.0001432136313458332,0.0005225204166048803,-0.00011374075557737372,-0.0012471057844087945,0.00033284769551541554,0.0009239597601785528,-0.0006144157881909727,-0.00044306893246008497,0.0016843770906370197,0.0003185461925110255
2015-09,-0.0013270015640644748,-0.0007169312979357727,0.0007913135329191701,0.0006928915220324442,0.00015382091210466156,-0.0007869149582145316,-0.0008807033849942002,-1.875882792532305e-05,0.0007250325445957454,0.00031738432678169354,0.00011120218347400546,0.0013164796884568087,-0.0003778670452638269
2015-10,-0.00017185744948591933,-0.00035243529239581406,0.0004344805540384236,-0.0004042323004254754,-3.6765610031212723e-05,-0.0011891577377233674,-6.547267310657253e-05,0.000648821619354347,-0.00011774611757758358,0.00037628958480711547,-6.383922634472806e-05,3.7023086584958564e-05,0.0009048373388998481
2015-11,-0.00028619519497624993,-0.0003221404975897813,0.0005460877860037365,0.0002822389258903531,-7.156040284654903e-05,-0.0008591115561098188,0.0004218212219845273,0.0006707555344251823,2.1420959978045585e-06,-0.001345801148727237,-0.0001163426994668699,0.0003378955479901078,0.0007401573429778303
2015-12,0.0002760388320681821,-6.430622371741767e-05,0.0008017459524774631,-7.636936201233417e-05,3.278829022830041e-05,-0.0006600391711084179,0.0007234438258274272,0.0008642823827670125,-0.0005745474171043938,-0.0010713584896082644,-0.0006784701731546578,-0.00033333509780035704,0.0007600658861410321
2016-01,2.8391206770159493e-05,-0.0002211329593315606,0.00047193695963371093,0.0012847375288024222,-0.0007703320835792341,-0.0007898640973477095,7.621177359476243e-05,-3.370991874372631e-05,0.00011419939093658876,-0.0005051189662539917,-0.0002237727946037495,0.0002349962215662909,0.00033339685971239857
2016-02,9.151148149243194e-05,0.00029084000428547324,0.000686834823233191,0.001628636649378716,-0.0009068077026088156,-0.0003519156268784185,-0.0002068117267524634,9.807951132808624e-05,-0.0003951372411321987,-0.00011346875417255827,-1.7472193217215043e-05,-0.0006440618152676123,-0.00016027783405063185
2016-03,0.00043413073777590874,-0.0002167843536023299,0.00013576216997100428,0.0008020684427350012,-0.0014434926855906968,-7.01905112349497e-05,0.0005170126200387716,-0.0003137923010788595,-0.0003823646317280594,-0.00034117619638438044,0.0006212531026169707,0.00016549699136016025,9.202973469588218e-05
2016-04,0.000843468929094356,-0.001232456649194372,0.000315105273947132,0.0003448774886180277,-0.0006781790038226681,0.0011504539886724404,0.0007829757187362301,0.00015707009263737418,-0.0010175874760492282,-0.00018809591626821123,0.00030719891604912046,-0.0011739302533721597,0.00038905347878086667
2016-05,0.00018567238487233678,-0.002193786359002642,-0.00018314808569650342,-0.0006308218255822157,6.516493231498262e-05,0.0008776916218423226,0.001023428532670284,7.979434348830341e-05,-0.0001795963669778995,0.0010500837058427855,-3.6140763657892696e-05,-0.0010268457873463704,0.0009684545176004368
2016-06,0.00036272726120525764,-0.0012369225512126943,-0.0001224095890741033,0.00016158513220507147,0.0008692977354655002,0.0002557170034524096,-0.00044605091984099176,-2.0289595809271283e-05,-0.0008554898914146041,0.002190844847075311,-0.0005694792947979809,-0.0012197696875185843,0.0006301993379920607
2016-07,-0.0003921996128685581,-0.00014903421702826104,-0.00044792945360649515,-0.0005582709796175088,0.00037388445255758494,-0.00029216556093571275,-0.0005854909388679392,-0.000500234501442741,-0.0009081374069243816,0.0016996975488611076,0.0009062256768399025,0.00011636492428694045,0.0007372529536878184
2016-08,-0.00020431086105441072,-7.491523531188299e-05,-9.833997909293578e-06,-0.00020185605529918929,-0.0011561603537626813,-0.00023523550675704074,-7.262664938538827e-05,-0.0009273983136831289,-0.0007214517127837657,0.0008433710305457441,0.001167275356057231,0.00041909865349059423,0.0011740057292570405
2016-09,-0.0003265715914462054,-0.0010336549792713345,-0.00016994333100773666,-0.0005203860025928867,-0.0007645000469455276,-0.00030290272716020956,0.0006156840896017324,-0.0008978246116528258,0.0003101033522769436,-0.0004573237518074093,0.0014826000063941013,0.0003934338741586596,0.0016712493579253928
2016-10,-0.0001576617033896075,-0.0015587948756276995,-0.0005697166065447304,0.0003116817379782166,0.000368423267536328,-0.00016860063447158996,1.257399303793276e-05,-0.000615587851665027,0.0006142153716137916,-8.328768962113044e-05,0.0009126129281573575,0.0002682793847761077,0.0006658246444370319
2016-11,0.0008496436402345579,-0.0007795316931411973,-0.0008685603884418159,-0.00028221435186018187,0.0019554627023178443,0.00020175086832057153,-0.0004898469441929141,-0.0007867264742481734,-9.383051078626364e-05,9.625798828145419e-05,0.0014241068938827828,-0.0006775075320330223,-0.0005490458432931065
2016-12,0.0011798972113677495,-0.0014011206432995866,-0.0013649283889962814,-5.703826988276461e-05,0.0004535578382930398,0.0009817839258516735,0.0008674023829487589,8.599947756364096e-05,-0.0010319659607282811,-0.0010149623047273485,0.001482845684327727,-6.779160038361525e-05,-0.00011371852745812042
2017-01,0.00140202547295759,-0.0007033672194800191,-0.000570901352031687,-0.0005813276250275087,-0.0001712647089638572,0.0008939061714230466,0.0017717691465287146,5.047920858657347e-05,-0.0011324722227510381,-0.001987674857294617,0.0015235807872222829,-0.001122883658235804,0.0006280873491320755
2017-02,0.0007964524099262121,-0.0006585325390610952,-0.00021115630900094532,-0.001068888623614527,-0.00027565360571750854,-0.0006618074553631774,0.002054725170782584,0.0006712203707809241,-0.0007371794062932483,-0.0019163544935965563,0.001646782475850513,-0.0005186547496087222,0.0008790012367669288
2017-03,0.0012006765238075185,-0.0003501448979553969,0.0004708741700533798,-0.0001327985256070151,0.00047790090419653304,-0.0010957791108444958,0.001123518864131227,3.766747507409903e-05,-0.0007226668991494859,-0.0021959439029945946,0.001442318420944582,-0.000771732121271368,0.0005160675483022783
2017-04,2.5207960801862995e-05,0.0004411054487456845,0.00030812596296822054,0.00025065928587249985,0.0006762451122703609,-0.0012164278494800514,-0.00019618713153351591,5.2985632466245244e-05,-0.00019681131612414064,-0.0018712660869468804,0.0012013509470617536,0.0007006981800479606,-0.00017572373371046784
2017-05,0.0003993605711162779,0.001002537219628629,5.548704472194114e-05,0.0011009120118953377,-0.00021536541780620844,-0.00042819976119609664,-0.0005554896657525954,0.000589630372131607,-0.0008415210362907829,-0.0016626458873794376,0.0008206067778099294,0.0003226252324700871,-0.0005879719929617309
2017-06,-4.673170964703118e-05,0.0012296634971571407,-1.126281818587134e-05,0.0010484138322391049,-0.0007841168482127837,-0.0001458712637815291,0.00031359990692475206,-4.63370319088788e-05,-0.00027863213211970186,-0.0014117431116454455,0.0005593798795312875,0.0002578331664218875,-0.0006842243771727351
2017-07,0.00012827040610658593,0.0008114253774346602,9.263978857781135e-05,0.0010197236877772216,-0.0006897144334226986,-0.00022402739749364134,0.0009438619050433412,-0.00033593206485413665,-0.0002987294745235706,-0.0006054854146058664,0.00018115669433454648,-0.0005417304023213294,-0.0004814853719145587
2017-08,6.328110429574485e-06,0.00035463451690931856,0.00037458115599235426,0.001589219776808593,-0.000516745681468985,-0.0006012557548554303,0.001075758110816375,-0.0010115201934547207,0.00014997868516920698,-0.0007579894179612184,0.00011430149893609547,-0.00035396478400643184,-0.0004233509218829119
2017-09,0.00017306204103752419,0.00030275457609059403,0.0006816303561916302,0.001228935412302803,-0.0005469947481872785,-0.0005890055478633886,0.0005338266906423304,-0.0007443262230181463,-0.0005671311569267684,0.00010363573035318874,-0.00014100127057736523,-3.678921560005492e-05,-0.00039862214578742386
2017-10,4.156539610103833e-05,0.00020440862909362197,0.0012948842587621901,0.0011836091035055416,-0.0011954296527499503,-0.0005973236372007997,0.0009060529628372784,-0.0007378820772233121,-0.00084882850299075,-0.0002625780600790476,0.00014163200531143856,6.152501599123986e-05,-0.0001916639859632807
2017-11,-0.000337690389730867,-0.0003022152474611875,0.0018876224510870718,0.0008197543897537613,-0.0013380009336336602,-0.0007770299892872319,0.0007293959603683681,-0.0002590240073053872,-0.000811738496349879,-3.735372080485543e-05,-3.4503354442097876e-05,0.0002916581928354185,0.00016909994534106414
2017-12,-0.000596043913662215,0.00021703203399241623,0.0019980074047603446,0.00022133704477500315,-0.0006611718150250872,-0.0012483922397489536,-0.0005539128403141751,-0.0004413396946007401,0.0007909175234952728,0.00025972710959310446,0.0002854203134314855,-0.0001803277686362311,-9.128295886383033e-05
2018-01,-0.0008113026141205028,0.0006574558033064885,0.0009657878283364952,0.00026857118955839047,0.0005609669972587097,-0.0010792944009785097,-0.0008404948459732541,-0.00019442122789145865,0.000581235891833146,0.0005353312728280735,-0.00022475083148558212,0.00029902566502776936,-0.0007181407915052473
2018-02,-0.0003851534721837819,0.0006075769335492855,0.0006458767772861788,0.00023426176192306973,0.0007882987900547754,-0.0011299171736068332,-0.0005285932396869784,-0.0003924572224617903,0.000385665839068524,0.0006007825786158547,0.00013079510021855696,0.00040667842477311696,-0.001360366938916036
2018-03,-0.0005753574810383229,0.00011942916864775564,0.0004915901715208764,0.00042155612030326536,0.0005478237900351699,-0.0012811430164280369,-9.889636900939607e-05,-6.298742316303628e-05,0.00021507212462146033,0.0009065954078263356,0.0006089940512484232,0.0005801517539256206,-0.001872854212870125
2018-04,0.0005292600553444236,-0.0003803954312317943,0.000878042044263071,0.0004826224191942198,-0.0006652944187584615,-0.0009396271786827263,0.0003489207877520513,-0.00019233539536790882,0.00010149689443765399,0.0010730131489267343,0.0007626768168372431,-0.0009836342044848066,-0.001014776934813982
2018-05,0.001149743955682333,-0.0004885033121127989,0.0008324265956347459,0.00010725286932616112,-0.000663684094267925,-0.0011392684953950567,-0.00014798224960875912,-0.0002237070233415353,0.00044463345477653343,0.0009964110531445588,0.0003667629166413126,-0.0010431668786131016,-0.00019095337364077343
2018-06,0.001530892152425097,-0.0006289353715389395,0.000842010583946605,-0.00010730316515021036,-0.00014956559191273898,-0.0009431074837477465,-0.00031336535925528976,-0.00014677797864144748,4.3683357005463164e-05,0.0006019872219649625,-1.7702979942408737e-06,-0.0010279458348021653,0.00030017638757717644
2018-07,0.00138192166547179,-0.000949634512977952,0.0007328502341301864,-0.00032056262333796863,0.00025599870330251563,-0.0012653806245101807,-0.0005042813222561569,0.00025740619468217496,-0.0006293210285486686,0.0006152134670739219,0.0001312807163650088,-0.00011007679002006546,0.00040456931503093837
2018-08,0.0011260677016445657,-0.0004652697775741005,0.00019650771830947338,-0.0007662860144117916,0.0001759868199351788,-0.0004719806362232544,-0.00019899516300626632,0.000872045147365284,-0.0010516860279965563,0.0001469587976491583,3.3435566956992483e-06,0.0004000615959949541,3.323690736027027e-05
2018-09,0.001007231341433934,-0.00023262213726490537,-0.00038760432849056943,-0.0008193614047971661,1.0801606446688801e-05,-8.65220995838039e-05,0.00010285030377566812,0.0008142401681451211,-0.0009507714799988951,-4.0074487903127204e-05,-0.00011001785208218976,0.0006718876701833965,1.9951306686422666e-05
2018-10,0.0008298437373068356,-3.9949660036991296e-05,-0.0005604948710800703,-0.0010687549917852111,-0.0005162695937448396,0.00019342839189602913,-0.00018076846294755384,0.0007525367182465302,-0.0005753612527285776,0.00036759953091860306,0.00010954399426660746,0.0006718016833446678,1.682749336231476e-05
2018-11,0.0009117502457851508,-0.0002072543855834762,-0.00045705456139754545,0.00018205290575031068,-0.0004949695063366453,0.0005846168543634873,-0.0007290673681228311,-0.00044619277751300595,-0.0001237079183334929,0.0010709358053140293,-0.0005231066919559867,0.00047616286370739074,-0.0002441772065545215
2018-12,0.0007960536072199722,-0.0004059553603302459,-0.000640136816127533,0.00028783019090387516,-0.00047227628464953104,0.0007841913092998333,-0.0005169997868376728,-0.0006329164608471585,-0.00044977711896343573,0.0011589990294616542,-0.0003644477999331662,0.0005617859269305946,-0.00010637461245635685
2019-01,0.00029315950121735715,-0.0008262286472860805,-0.0006580007615756185,0.0002476918066128259,-0.00042171906417733503,0.0007084447663858021,0.00046523253227702117,-0.0005804479751841237,-0.0006583054277520309,0.0005487906065365779,-0.00030859833472216236,0.0011000365847273924,8.992146174255162e-05
2019-02,3.6478665485375315e-05,-0.0005678169502151754,-0.0007661192894997949,0.00013500185592035054,-0.0003236018350438759,0.0007069457600321247,0.00013344260935560138,6.875926836804852e-05,-0.0008056078728682259,0.0003754106620663657,-0.0004564223687580469,0.001149454843255039,0.00031405487179505365
2019-03,-0.00010987202056845988,-0.0001547690580151293,-0.0005750822911902014,5.778356097271078e-05,-0.0003827986735646494,0.0002945994386824159,4.215491006010016e-05,-2.488529109170313e-05,-0.0005593393315298721,0.00029631042675716665,-0.0007828879337653556,0.0015993858149184858,0.0002993825606100801
2019-04,-0.0004310419922415923,0.000309607740845933,-0.0007048412372815549,0.0004976048668694431,-6.267392155653772e-05,-1.3885944087797708e-05,-0.0001920893781584936,-0.00022537263401083344,-0.0004316180436488085,0.0003724177781271125,-0.0007971919573003454,0.0014003594241645716,0.00027870983818768184
2019-05,-0.0006734600873027057,0.00059662234225626,-0.0005416779437615936,3.832147509210623e-05,5.8781533170162985e-06,0.0002899485088933773,0.0007793972896301501,-0.0006537712037368093,-0.00024216008498676526,-0.00026113784423979124,-0.0005992082096065113,0.0008957691754083467,0.00036546037007637543
2019-06,-0.0008230991483679644,0.00016798922192771355,-0.0007870849318862705,0.0004778650144234284,0.00041407360450788845,0.000330821678459172,0.0009678213628105703,-0.0002725612965520548,-0.0001638977723170983,-0.00048204894147488005,-0.0003711518858982798,0.00018389304807465965,0.00035737090295356975
2019-07,-0.0010735896292006942,-0.00019964671411027853,-0.0005261665713681984,0.0003144563004075254,0.0007376165613194107,0.0005098343713312399,0.0007842687357506775,0.00010537150308233757,0.0006114298138508425,-0.0002634653636884709,-0.000903273023748687,-0.00027935696052804233,0.00018251545800584835
2019-08,-0.0009454190723495062,-0.00033010565760232955,-7.57202020657714e-05,0.0004538848904825209,0.0007832448953533245,0.00031665453762032216,6.287542609412824e-05,0.0002173789333159935,0.00059186014394397,0.00014915575659381079,-0.0006519761478403278,-0.0006785995893163582,0.00010676736489485869
2019-09,-0.0010551621644237928,-7.938157031187574e-07,0.0003284108557962252,6.235602056299105e-05,0.0005171428174737386,0.00029171704479618037,-0.0002831226590478161,0.0003096497533211934,0.0006724170865185515,0.00023594784511528322,-0.0005750373872319553,-0.0008448610543326403,0.0003413332177643221
2019-10,-0.0013177940073503052,0.00029557338645564134,0.00014876886089937365,0.00011099684010150531,0.0006402763290194709,0.0004471107762886891,-0.00020924620696017484,0.00024173238413671846,0.000567366382334676,-7.243660877667528e-05,-0.0006392781805860273,-0.0007177862788175473,0.0005047106118910402
2019-11,-0.0013937356971849058,0.0003645292137691969,-4.130773507788767e-05,-0.0005037236196670255,8.498422661990108e-05,0.0005336190778931197,0.00010258020770872985,0.000559585146229378,0.0004061079429924568,4.713039601053389e-06,-0.0004735959283295829,-0.0003750045147909273,0.0007312437082655741
2019-12,-0.0014738719439384516,0.0002883074141944276,0.00015259816634056696,-0.0002988913143932005,-1.037311971499825e-05,0.00038245818675493396,0.0009177267417370676,0.00033160715592453623,0.000642326697668063,-0.0003072141668389879,-0.0003985937625172343,-0.000513647245255346,0.00028756438544732166
2020-01,-0.0013398029727650584,0.0005879342264570316,0.0003179252995405599,-0.0004111761910170045,-0.0005000025546569414,0.00020665931679843648,0.0007198346597965621,0.0002604898800188555,0.0009171311656967102,-4.9846041828045344e-05,-0.0002279323518027629,-0.0008263064425640389,0.00034508385762160214
2020-02,-0.0011705450578164995,0.00029983345194068464,0.000214666599343438,-1.881141303698978e-06,-0.0002484137072011057,0.00042294061172117405,0.0004348007342907099,-9.192072296623367e-05,0.0012239901820777633,6.327414722846831e-05,-7.849204249046017e-05,-0.0010129292915115615,-5.533485402296663e-05
2020-03,-0.0012658204209104336,7.353978160260078e-07,-4.6949788498628e-06,-2.477338480877449e-05,-0.00038152638778966147,0.0003913009711466615,0.0006162369921235886,4.4790314822512836e-05,0.0012169592474370074,0.0005453013927707941,-0.000266057858972404,-0.0011323458468688805,0.0002598837615361201
2020-04,-0.0009775403122588952,-0.000434006007539408,2.708742652898785e-05,-2.592616441166123e-05,-0.00016746907950453675,0.0005751005787613979,0.0008542895108005182,-0.00012630421838944017,0.0007700395351496538,0.0005974561138435837,-0.0004368551606368071,-0.0008133592644962256,0.000157469102202945
2020-05,-0.0009402810945906181,-0.0011447626704307995,-0.00015030221320327177,0.00014651273248029005,-0.0003310438506696299,0.00016258315646312633,0.000921198394033396,0.00021236049183535907,0.000741850256376533,0.0005333018033320933,-0.0007634604524038357,0.0002740866373161696,0.00033792547838866466
2020-06,-0.0003172948771615686,-0.0002322017803064286,0.00014825743459016109,-0.0006952765010355751,7.291072819829153e-05,-5.1025506274499964e-05,0.0002051877963705372,-0.00025646342657504424,0.0006216443593546021,0.00014800213323339445,-0.0002581840035845943,0.00044619957882212986,0.00016819806006971224
2020-07,-0.0002566820054517081,-7.432928738313722e-05,-0.00020441022058768237,-0.00036926032109629506,0.00036744899968099443,-0.00028035182791880537,0.00015628697097114596,-0.00037450623787460964,0.0006926683107502696,-0.0004245831199356051,-9.940278084911304e-05,0.0007000812022464768,0.00016699686851571224
2020-08,5.935086246582781e-05,0.00013793521151937062,6.152581198299093e-05,-3.868958315046724e-05,0.00022685574993155366,-0.0008888928348036871,0.0003804649237765136,-0.0009505850154980066,0.0009449945207325903,-0.0005589121449803394,0.00010846772495685974,0.00035005698188866284,0.00016738420453571887
2020-09,0.00042811114249337106,-0.00023644095559720402,0.0001643172337985996,0.0007342597753681582,0.0004962359455949237,-0.0009234777161122955,0.0007771436841507423,-0.0012630113585768927,0.00042791387970067367,-0.000815975202535883,-0.00016396819520871062,0.00018636809405654967,0.0001884787932937231
2020-10,0.0005804978496254361,-0.00017093159411572727,0.0005666021282508142,0.0005655350375213509,0.0003802096287857243,-0.0003954019147229189,0.0008104955797537228,-0.0013340919882493729,-0.00018462411373767245,-0.0005048691297148498,-0.0003993434989989896,-7.57701497197869e-05,0.0001616407822685063
2020-11,0.00033637335940986054,4.12948863843822e-05,0.0004980768500397778,0.0006304883812608733,0.0002577763630659211,0.0001576053099377439,0.0004816782934546367,-0.001092734261160967,-0.0003325547425106285,-0.0008161658983932027,-0.00018774401838450233,-0.00010853147460091351,0.00013439164890031055
2020-12,0.00035040518161189645,-0.00012544915105192802,0.00039326926381616403,0.0007044624819309871,0.0004677411777106561,0.0003037559068553233,0.0005619406588005678,-0.0010372195397757055,-0.0005346424857539559,-0.0006394993136542271,-0.00020125981467968216,-0.00019000313936563533,-5.3547904138857215e-05
2021-01,0.00017216367664564072,-0.00014584670142199526,0.0008411087067179389,0.0003718603363259036,0.0006703527160074449,-1.3013184276012254e-05,0.00038692202711882205,-0.0008641415294047968,-0.0003049865641158468,-0.00014637724742742653,-0.0003885821675622,-0.00033100821761603125,-0.00024850601294603287
2021-02,9.133351094802142e-06,-0.00031820478266276114,0.0008768371509788957,0.0001015858565225158,0.0007154945930101183,-0.00011188135284215687,0.0005466736955310883,-0.0006729039421245039,-0.0004473263676861153,6.751878314364883e-05,-0.0006021551674492799,-0.0004455304424034081,0.0002807056719582529
2021-03,-0.00030991130463528353,-0.00011143378946174062,0.0010515827052926818,0.00011085517667400105,0.0008637842611296573,0.00016159568853686587,1.2564092356254284e-05,-0.0006024775605262861,-0.00037207065288996795,-0.00018333014564903571,-0.000804715823589211,-0.000565736512282575,0.0007492357827917507
2021-04,-0.0007195035344173906,0.00012443843396963973,0.0007290349508054259,-0.00041553068239028246,0.0003836324535327466,-0.00016721845426431796,-0.00017468235534345586,0.00013363914819506132,0.0001609554703988796,-7.784425724940037e-06,-0.0008024691029370314,-0.0006224941674360065,0.00137791106791334
2021-05,-0.00026402160895647604,0.0005167441650298072,0.0007335479851574831,6.617951714865962e-05,0.0003866468478794213,-0.0001469184064671865,-0.000550177491065275,-0.00022486505033277412,0.000616166593498241,0.0006023519604866962,-0.0008734207576266167,-0.000826659910799313,-3.5651877048730666e-05
2021-06,-0.00034249798111215114,0.00037254616680723433,0.0003878869168936807,-0.00023411902407301455,-0.00029755594621406345,0.0001467998174331784,-0.00022824532720091675,0.0007039500601414636,0.0008663676501331399,0.0008058317879028828,-0.0003442508554047589,-0.00042267788015329285,-0.001414114112857359
2021-07,-2.099721633486893e-05,0.0005273756079079245,0.00019674741115293266,-0.00011627019716662616,-0.00043088292492166725,0.0006743072973934531,0.0002662119893405932,0.00029398622498776723,0.00039045341413074865,0.0003280615086448363,-0.00042119592169533667,-0.00020535990049050224,-0.0014825184288065985
2021-08,-0.0003145201769848718,0.0009120921380397912,-0.00011336551806517389,-0.00022521142280666523,-0.0006188004500861829,0.0011703697163679948,0.0002453728169263628,0.00013672497336341283,-0.00014137134132979974,-0.00015188558502972588,-0.00041567058002785673,0.00029705245361980796,-0.0007808649328612183
2021-09,-0.00033064874402213634,0.0007134791573733231,-2.353198175943278e-05,-0.00028888494318237394,-0.0006028550004334953,0.0010555344906156118,0.0003375540697374274,-0.0001812747737259325,-0.0003256481553996741,-0.00020741205121086733,-0.0003154900110283164,0.0005522255937795433,-0.0003831179930731785
2021-10,-0.0005714995414758407,0.000851511454330097,-4.930693761993003e-05,-0.00022690015533391485,-0.000508256630933988,0.0008789834513930204,-0.00016071002777616906,-2.9584562323951617e-05,-0.00020774917848887474,-8.378809436723557e-05,-0.00021991570426695546,0.0008525054820950677,-0.0005253612162042198
2021-11,-0.00022391146971362266,0.00037768911358916765,0.00023590775638659498,-0.000269408127165066,0.00014345063949772966,0.000539920330128091,-4.5337509500875195e-05,1.2857954513458417e-05,-7.483439896028818e-06,-0.0003147857269958172,-0.0003864173449418467,0.0006202384314344773,-0.0006827912616634793
2021-12,-0.00022310610740565733,0.0002566057359918884,0.0003830187976022852,-0.0001851715654463691,1.9512139049935007e-05,0.0002822689102189376,0.0003488086001248348,4.3957364364300504e-05,0.0001421584888054862,-0.0005546247398460966,-0.0005408318595914538,0.0006590792759149619,-0.0006317520819131816
2022-01,-0.0002356882061710934,-0.0002608695656129732,6.602351803302184e-05,-0.00016744306743401917,-0.0001774498043716029,-4.321472854970639e-05,-0.00019385688759581408,0.00039567986191946225,0.0005332521928691795,3.586586793945818e-05,-0.00012988235857808435,0.0008085429407444136,-0.000631038350923998
2022-02,1.87933238226991e-07,0.00013764662505983178,-0.00013830480626950438,-0.00010258731311698839,-0.0005239129875672141,-9.520277811939525e-05,-0.00029652163449128216,0.00018831473409825077,0.0003151474974832158,0.00011210821131255829,0.0002651430561127825,0.0007877776510798084,-0.0006498722871040294
2022-03,2.191428726177264e-05,0.0005027554010379196,7.816548125258565e-06,0.00016622876452793898,-0.000376212916058646,0.00025196320819416743,-0.0004220920061970273,-0.0002779332478430058,-0.00010687875899092667,4.270818656722054e-05,0.0008169288749149217,0.00010372363693484914,-0.0007309968822959678
2022-04,0.0006966583026714319,0.0002272526386536135,9.482519758656353e-05,0.00020552509309296478,-0.00014763577949874042,0.0009757082519673015,0.0014095001414192532,-0.0014732445086042538,-0.0002595933756614561,-0.0003733478899603814,-0.00020988324518418742,-0.00011149717582461612,-0.0010343403016144102
2022-05,0.0006558234911439194,0.0003726234419201047,-7.798290447739344e-05,0.00012582093810969424,-0.00024858508851816367,0.0012778128448373192,0.0014252499506688073,-0.0016320924318645052,-0.00034272926795580506,-0.00034702240062361577,-0.00025468542991607485,-0.00030074334486450497,-0.0006535616512986274
2022-06,0.0008031900553950196,0.0005099433868818487,-0.00037746279509216107,0.00029002014476327135,7.475365159957903e-05,0.0007312186938394537,0.0017271819086239317,-0.0015630749744383965,0.00020288101604745622,-0.0004851120659400148,-0.0006923318946447103,-0.0006398182496991044,-0.0005814592734127747
2022-07,-0.00010015083787934225,0.000610267475688017,-0.00021420743678818218,0.0002965286577591078,0.00022799738810387328,0.0002080249640696572,0.000669810342523799,-0.0002868420909244863,0.0007702940119343852,-0.0006564816177448174,-0.0006231011012177865,-0.0009043131368462691,2.106961158186498e-06
2022-08,-0.00033916592641704914,0.00026909619847295864,0.00034833012880335984,0.001006335175164339,-0.00024900954346300297,-0.00011594340083995403,0.00045356233475924037,-0.0006009699774892288,0.0006475942541524792,-0.0002578019124817378,-0.0006409256031844432,-0.0009446451252488779,0.00042347461825732654
2022-09,-0.000353199749424759,-1.4772655565318595e-05,0.00034550092645193665,0.0009360165207112324,-0.0009418624316942575,0.0007101329950531816,0.0006404395774574324,-0.0005046840397625488,-9.409886104997673e-05,-0.000382673369692397,-0.00017572287892312467,-0.0008473321810297807,0.0006821894991425807
2022-10,-0.000392893105145447,-8.15190866758684e-05,0.00022327027919710328,0.0008827700170919246,-0.0008090198043060369,0.0007489141760785828,0.0004996493121395624,-0.0004368681734741589,3.389739872359185e-05,-0.000230323064950991,-0.000167263314579718,-0.0009449642689000489,0.0006742843615279916
2022-11,-0.00037715154133149,-0.0002501452342417613,-9.680379518042947e-06,0.0006710196057301618,-0.0007388125296404788,0.0011116570980612295,0.0002659810507638925,-0.000468406613773974,0.0001137245210056394,-2.243948481693892e-05,-0.00017256241336084189,-0.0008133463874675142,0.0006900946957836488
2022-12,-0.00014871691965652229,-0.0005519192656897062,0.0001873535629466471,0.0006062015701046766,-0.00041120978918203526,0.0008444486527024311,6.099488723115762e-05,-0.00013087348884616412,-0.00041326357894279293,-0.0001134639153732472,0.00022012800399239915,-0.0007183708654800202,0.000568636916102081
2023-01,-0.00029485532870700173,-0.0003135790366159755,0.0001669084122588642,0.000650472602310917,-0.00015950219919647304,0.0009131042110547817,0.0002231191125065793,-0.00032723971193823737,-0.0005290773062275757,-0.0003032214435253665,-8.24063423272741e-05,-0.00042938977365871307,0.0004856118970750443
2023-02,-0.00042134390577827635,-9.822445701046014e-05,4.875093851007951e-05,0.0005809983213221156,0.00018737200880380547,0.000854414594806765,0.0005631615741172662,-0.000321341814226977,-0.0006462825815872074,-0.0004935906124630097,-0.00014625187026691283,-0.0003779770089561729,0.0002702641899019122
2023-03,-0.00045422185065486,6.739416823838157e-05,-1.9505441785437853e-05,0.0008791998958939806,-0.0002543467670348725,0.00047294993093699287,0.00024027260647664083,0.00017789672495010725,-0.00039597563316654395,-0.0002386000558452131,-0.0006918850240686278,-1.8663466631998423e-05,0.00023544168681776845
2023-04,-0.000623158776375213,9.052316492223685e-05,1.079340654908359e-05,0.0005429189846003452,-0.00012426592375998707,0.0002902138387835453,-0.00018312966072999044,0.0012689274735354702,-9.156919567025756e-05,-0.0003177534697012651,-0.0011340419473437578,0.00013775329661678382,0.0001327455585252685
2023-05,-0.0006545036948286451,-2.5843067576655466e-06,0.00012764225908734532,0.0005669029096485433,-0.00034989089288332885,-6.794561570311619e-05,-0.0009261279165035241,0.0012155763061576094,2.338468429173088e-05,-3.433446368227789e-05,-0.0009268797957609215,0.0006248488636890717,0.0004038655902691223
2023-06,-0.0006968481091652659,-0.00012534733554186815,0.0003716560405078723,0.00024963715066149514,-0.0003011780950508409,0.0009597976083812756,-0.001164973847935617,0.00016113218542729963,-0.00028023496221134394,9.53961388287066e-05,-0.000785177435768992,0.0008178694375747038,0.0006982246438905628
2023-07,-0.0005613400929589789,-0.000899155225424168,0.00030249354615775637,0.00013762022909561019,-1.5766390982053168e-05,0.000767303465078581,9.717414584157536e-05,-0.000678604808404063,-0.001005231129399037,0.0006654190679055721,-5.717835198335502e-05,0.0004078459570395687,0.0008393775340916619
2023-08,-0.0002918231105410581,-0.0007208237449683441,4.233813480656807e-05,-7.821142004988802e-05,0.0001079197354108005,0.0007470376462587999,-0.00012836166937607853,0.0003962098298233064,-0.001528277983340263,0.0006049860391144035,-0.00014808181708689662,0.00038075610691623183,0.0006162943115558772
2023-09,-0.00017375711063352995,-0.00015895412096287768,-0.00013886016877507032,8.293470847332092e-05,0.0006431161461666354,-0.0003410814520480362,-0.0008308084889055119,-6.216850840246805e-05,-0.0007297321876509664,0.0003913391090289319,0.00029413796422276596,0.0007074504709634441,0.000316350023189699
2023-10,-0.00014047350599159447,-0.00020557466695094817,-4.172968177806958e-05,0.00010072445117003401,0.0006248017849293005,-0.0003197020370835637,-0.0008479197988572501,-0.00016248428516254525,-0.0007229762560894739,0.00031016580389411306,0.00029784535883606934,0.0007460407031150035,0.00036124866354642033
2023-11,-0.00014023735175548656,-0.0004134050218071624,0.00012302675800500513,8.559401307365404e-05,0.0009133057109137491,5.374884439638922e-05,-0.0004401389632907723,-5.130790847315247e-05,-0.0007928881068508263,1.763883384695172e-05,-1.5437943829459146e-05,0.00022568849872859026,0.0004343780281934558
2023-12,-0.00041388600206375214,-1.6165589594589414e-05,-0.00028681062867355904,-0.0002281997296858339,0.0006186380506898089,0.00051307727411187,1.0087613238537814e-05,0.00019439236607891354,-0.0006826600993471542,-0.00015605195125389194,0.0001772096224028169,6.670739376065971e-05,0.0002036251665344995
2024-01,-0.00035717792472950106,-0.000383598278031756,5.7794175566972137e-05,-0.00020362994756701052,0.00030655346354941667,0.0005660211089593415,5.999266440491833e-05,0.000886322920837962,-0.0008332687997311279,5.652500796174377e-05,-0.000418893490555501,-3.195242158036178e-05,0.00029527734106428195
2024-02,-0.00013228958754564086,-0.0012924684361856871,9.493824500069788e-05,0.00011433855886244105,8.081502281235134e-05,0.0004868772064146887,-0.0006252981989068944,0.000616048102199114,0.00016588626836661972,-6.789503059470812e-05,-0.00019009739952661312,0.00019838937642052316,0.000535696061123874
2024-03,-0.00011153557858960155,-0.0013071484071930008,5.26414826405392e-05,9.676244306397777e-05,0.00012515172824316512,0.00047715979923078437,-0.00070159010728669,0.0008513758357110034,0.00013343297493234553,-0.00013490032009060127,-0.00015548125416408185,0.0002109449632119928,0.00044730519467911853
2024-04,-0.00043716684662548625,-0.0009999298545861862,-6.919058801770402e-05,0.00017538049752375426,0.00011794873170861204,0.0003113810815040459,0.0004759243415717052,0.0003125811148228114,5.9522664641021e-05,-0.0005463056403461599,0.0002807617755386291,-1.5491682591671437e-05,0.00033460752844866406
2024-05,-0.00031826357066890585,-0.000598840913733079,-5.445065188523783e-05,-4.535229340425078e-05,0.00024559687146357226,0.0003060847079666667,0.000462086863637102,0.0005875700992703779,-0.00024132152791237645,-0.0005326124794234417,0.00022081390036573636,-0.000287018596102062,0.00025578846314998604
2024-06,-0.00034132998902301363,-0.00031918851516162623,9.183399680809743e-06,-0.000118170926787959,0.00034481757959611316,0.00028774486375423604,0.0009316464341359641,0.00035471254626334264,-0.0004757838553142451,-0.0007614079813713049,0.00039249427293235425,-0.0004945287483539994,0.00018989082079875507
2024-07,-0.00011373869504438068,0.0004518774385911804,-0.00012717080046837663,-0.00010750740163221491,9.134824452663238e-06,0.0004138854844222375,0.0004406140571825559,3.782029636990817e-05,-0.0003392771249270213,-0.0009495886224968898,0.0006063178923571022,-0.00032556777026880867,3.2841368724047686e-06
2024-08,-0.0002355392273033268,0.0003845255151423027,-0.0005459835049924797,0.0003459746056055435,3.4570735457639426e-05,0.0007962580084221099,0.0002751909290016361,-0.00024305014359683177,-0.0003383560059850427,-0.000759921123968208,-9.672430891005021e-05,0.0003635099879876591,1.9625685324789017e-05
2024-09,-0.00010707569796288934,0.000333211083930381,-0.0002979932812182483,0.00012409144398710197,7.160606245242968e-05,0.0006322502017638089,3.728621967379486e-05,-0.0002848856628199436,-0.00021987456399248366,-0.0005875918354398966,-0.0001262593582036521,0.0004498474470377581,-2.4524450405176586e-05
2024-10,-7.249500364315021e-06,0.0003609369937511939,-0.0002946177560279822,0.000255869677985435,-0.00011020946125748085,0.00047602461973890784,0.00028752069217141815,0.00011167102728477018,-0.0006485385867920761,-0.00025279903981560335,-0.000647903233822637,0.0003067617906451915,0.00016262055242069167
2024-11,0.00013529215164904482,0.00036893904156198984,-0.00027843917591852525,5.635729678674446e-06,-0.00022730002394575794,-4.13342342731076e-05,0.00022535041443948057,-0.0001897913071057314,0.00013064874138448787,-4.138039466693571e-05,-0.0008021626188945746,0.0006009285484760629,0.00011368755284276698
2024-12,1.1035136629343956e-05,0.00038490261529816274,-0.0002465958056629717,-7.220154010047205e-05,-0.00020898129791270062,-0.00013902128028192654,0.00028255203110024606,-3.948134703026013e-05,0.00038711438961866956,-2.2597093297234844e-05,-0.0007542449960312859,0.00042655580768139844,-8.978951619951735e-06
2025-01,-0.0002026349076811311,0.0006578507013313095,-0.00011838187186153111,8.958108591601558e-05,-8.788328257502859e-05,-0.000337279533792706,0.00029286273139227445,-0.00034387592584851254,0.0005287115782601379,0.00014665564518080633,-0.0005452093095397908,0.0003141763849106812,-0.0003945326970485009
2025-02,0.00011171544034307426,0.0005475185620618148,-8.152365246432596e-05,6.842151135474968e-05,0.00011295739953354768,-0.00020183492566172234,0.00039574930701143384,-0.00014199746706655033,-2.6901279204513746e-05,-1.0607557422532784e-05,-0.0006856120588930874,5.0997117064783655e-05,-0.0001388371407320107
2025-03,-7.317902412267314e-05,0.0007405710768528256,5.089781342526182e-06,8.713182788378277e-05,2.056955972865564e-05,-0.00013184904107929734,0.00032300665463042585,-0.0001691086198648813,-0.00012191343628202515,-5.909297642871541e-05,-0.0005339627235258083,0.00011441737403916394,-0.0002016310354829318
2025-04,0.0003747030937855852,0.0006175147072795147,-0.00022462552427309412,-6.664593731975021e-05,-0.00021901338174690996,-6.043602932845946e-05,0.0003085727967879258,-6.716422925988656e-05,9.940347104282792e-06,-0.00038796260387970963,-0.00021250158913214932,0.00020612816811931006,-0.0002784801324353434
2025-05,0.0005368066595016813,0.00042874341301220477,3.241734647678529e-05,-0.00010692260723540267,0.00010429056900147447,-0.00041885590841416755,-0.0001561957376070581,-0.00041550229688563337,0.0006120460588853479,-0.0004045849628025171,-0.00011626226152422938,0.00031999580528158133,-0.00041596385309531844
2025-06,0.0004698986698413239,0.0003494487970173711,3.6626966916203725e-05,-1.1009261620752146e-05,6.851396627584432e-05,-0.0005133784308028944,-0.0002277128490838701,-0.0002939785446894156,0.0006989927633509985,-0.0004971422346357938,-0.00010686473942507407,0.00041247070698362443,-0.00038585769105301394
2025-07,0.0006078411911986293,9.178020996461422e-06,7.548112824354272e-05,-1.020213338573714e-05,-0.00014663165556607995,-0.0006639340008090191,-0.00012791102251564845,-0.0003100688530515764,0.0006935294069936323,-4.709573577213026e-05,7.943396234859671e-05,-5.4676206468569505e-05,-0.00010494580490582228
2025-08,0.0003110204469079391,0.0001940892755380483,1.850733526133338e-05,-0.00015691027231675805,-0.0003062744180812579,-0.0003251106322306139,0.00010364384338994089,-0.00020946339891783668,3.783842607048871e-05,8.006358094619185e-05,-4.7416072053762345e-05,-0.00014227223987849655,0.0004422913462571015
2025-09,0.0002669621796002201,0.0002163059423027254,-1.8995673885543803e-05,-0.00018117920987868784,-0.0003659211585354231,-0.0003007325634454846,0.0002541682662310408,-0.00022934475542211942,0.00015815198002735103,0.000148770867936086,-0.00011663337048485709,-0.00040214919653937367,0.0005706148875460888
2025-10,0.00037185062092199504,-2.41946270379758e-05,-3.3900434003137984e-05,-0.00046225780079629515,-0.00011390216549233069,-0.00018054202073771496,-0.00013874717997664689,-0.00027136659826770837,8.742931654617797e-05,0.00018143949663545992,0.00024163419439694503,-0.00013394758200151714,0.0004765158745007963
2025-11,0.0002881653292915123,0.00018871976429649313,2.187633013060664e-05,-0.00042237020678918873,-0.0001356481468249602,-0.00022298195407989853,-0.000298156359691303,-0.00046022976670442395,0.00010711620717280603,0.0001793639931247683,0.0002246133712929956,0.00015295829163916344,0.0003765924867828469
2025-12,0.00015345192610553404,0.0001522832280771973,0.00010252771875879727,-0.00040821191385911475,-3.0067665478385453e-05,-0.00031465208917279356,-0.00022625201448315366,-0.000739409672332044,0.0002011151686293443,0.0002948965912501586,0.00025782940066584355,0.00038014527808712903,0.00017635407379096315
2026-01,0.0004579922674748893,0.0007397570684779069,0.00021825759332225393,-3.34955349391501e-05,-0.00026808743109261616,-0.0007431423761476492,-0.0005505175471066168,-0.000549286275664444,0.0007258858295085771,-0.0004286123286818538,0.0002415586431703836,0.00032264559993102027,-0.0001329542957897394
2026-02,0.0004558455460517847,0.00028940337852944404,0.00018972824474407612,-4.913317959763692e-05,-0.00017360596212275437,-0.0007160406650881895,-0.0006404226767174793,-0.0003310294822085317,0.0008161974559909821,-0.0003839243012487537,0.00028943349852013546,0.00023161663984011112,2.1944847960476343e-05
2026-03,0.000645740263386592,-0.0001922463475595019,-6.583729961711252e-05,-0.000327480539445977,-0.00025124139826004314,-0.0005233063854340935,-0.0005561235038536839,0.00022247628061415953,0.0007019912191768366,-0.00017234755945672766,0.00011549345343826584,9.978954459590027e-05,0.00030309499073587453
2026-04,0.00016168033354609893,-0.000698523011405485,-0.0004047507074402317,-0.0003652543897725013,0.00012071794264736452,-0.0003244270457429935,-0.0005941165134448198,0.00030282741107218425,0.00029390778957954285,0.0005148180093045334,0.00010292674663347741,0.0005135417947265039,0.0003766558897910938
2026-05,-8.09875471990769e-05,-0.0007936776069141902,-0.00042544719206131533,-0.00022278271422309544,4.3242423356819806e-05,-0.0003493841365799182,-0.0002467702060109539,0.00032801543049066907,8.068087381741692e-05,0.000976701118504836,-0.00033515928664319493,0.000573132948542643,0.0004524392498501095
2026-06,-0.00031768414154676193,-0.000339647521519677,-0.0004151254470648842,3.1847248747996567e-06,2.3366411672515175e-05,-0.0001228331251273191,-3.813878373593209e-05,7.232496384186906e-05,-0.00032426261463580966,0.0009451011190423526,-0.00013245449428443432,0.00023092935981016864,0.0004152658581192262
2026-07,-0.000263000548784812,-5.42037303243612e-06,-0.0004461296183299426,7.688671249411382e-05,3.4740347847441185e-06,-0.00013907257620533362,0.00020295319352973902,6.402694507898534e-05,-0.0001392116100249726,0.0008327571852811811,-0.00043935244754787664,-5.322461298376294e-06,0.0002718456722408127
2026-08,-0.000519697535536407,-0.00014572189099092657,-0.0004835156459161807,-0.00028009997593931245,-7.588703045826017e-05,-0.00045600230942302843,0.0003010145729278902,0.00019214174420182717,0.00031878611855209674,0.0008063241074914596,-0.00018926580795056608,0.00013129382975478495,0.00042782261835960745
