,1,2,3,4,5,6,7,8,9,10,11,12,13,market
2014-11,0.0,0.3220545693611852,0.3220545693611852,0.0,0.0,0.3220545693611852,0.0,0.0,0.0,-0.3220545693611852,-0.3220545693611852,-0.3220545693611852,0.0,0.0676725838328885
2014-12,0.0,0.39539036316319165,0.39539036316319165,0.0,0.19769518158159582,0.0,0.0,0.0,0.0,-0.39539036316319165,-0.39539036316319165,-0.19769518158159582,0.0,0.023048184184041733
2015-01,0.0,0.3568368211695305,0.3568368211695305,-0.11894560705651017,0.11894560705651017,-0.11894560705651017,0.0,0.11894560705651017,0.0,-0.23789121411302033,-0.3568368211695305,-0.11894560705651017,0.0,-0.09687028709583759
2015-02,0.0,0.30781762806404345,0.20521175204269565,-0.20521175204269565,0.20521175204269565,-0.30781762806404345,0.0,0.20521175204269565,0.0,-0.10260587602134782,-0.30781762806404345,0.0,0.0,-0.15309423161573932
2015-03,0.0,0.3009420967892008,0.10031403226306693,-0.20062806452613385,0.20062806452613385,-0.20062806452613385,-0.10031403226306693,0.3009420967892008,0.0,0.0,-0.3009420967892008,-0.10031403226306693,0.0,-0.19434741926479543
2015-04,-0.10614115377101052,0.31842346131303156,0.0,-0.10614115377101052,0.21228230754202104,-0.10614115377101052,-0.10614115377101052,0.21228230754202104,0.10614115377101052,-0.10614115377101052,-0.31842346131303156,-0.10614115377101052,0.10614115377101052,-0.08945923212181045
2015-05,-0.10639019414609555,0.31917058243828667,0.0,0.0,0.2127803882921911,0.0,-0.2127803882921911,0.10639019414609555,0.2127803882921911,-0.2127803882921911,-0.31917058243828667,-0.10639019414609555,0.10639019414609555,-0.08497650537028004
2015-06,-0.10729466457780229,0.21458932915560458,0.0,-0.10729466457780229,0.21458932915560458,0.0,-0.21458932915560458,0.0,0.32188399373340687,-0.32188399373340687,-0.21458932915560458,0.10729466457780229,0.10729466457780229,-0.06869603759955864
2015-07,-0.10486412313899218,0.10486412313899218,0.0,-0.10486412313899218,0.20972824627798436,0.0,-0.31459236941697655,0.10486412313899218,0.31459236941697655,-0.31459236941697655,-0.10486412313899218,0.20972824627798436,0.0,-0.11244578349814048
2015-08,-0.2182581279226736,-0.1091290639613368,0.0,-0.1091290639613368,0.2182581279226736,0.0,-0.3273871918840104,0.1091290639613368,0.3273871918840104,-0.2182581279226736,0.0,0.3273871918840104,0.0,-0.035676848695937805
2015-09,-0.3142346627424373,-0.10474488758081243,0.10474488758081243,0.0,0.10474488758081243,-0.10474488758081243,-0.3142346627424373,0.10474488758081243,0.3142346627424373,-0.10474488758081243,0.0,0.3142346627424373,0.0,-0.114592023545376
2015-10,-0.21183259510028424,-0.21183259510028424,0.10591629755014212,-0.10591629755014212,0.10591629755014212,-0.21183259510028424,-0.21183259510028424,0.10591629755014212,0.21183259510028424,0.10591629755014212,0.0,0.21183259510028424,0.10591629755014212,-0.09350664409744192
2015-11,-0.2477246575664133,-0.12386232878320665,0.2477246575664133,-0.12386232878320665,0.0,-0.37158698634961995,-0.12386232878320665,0.2477246575664133,0.12386232878320665,0.0,0.0,0.12386232878320665,0.2477246575664133,-0.01820273946869376
2015-12,-0.11470005234610181,-0.11470005234610181,0.22940010469220362,-0.11470005234610181,0.0,-0.34410015703830543,0.0,0.34410015703830543,0.0,-0.11470005234610181,-0.11470005234610181,0.0,0.34410015703830543,0.1647991624623709
2016-01,-0.10045274967582318,0.0,0.30135824902746955,0.10045274967582318,-0.10045274967582318,-0.30135824902746955,0.0,0.20090549935164637,0.0,-0.30135824902746955,-0.10045274967582318,0.0,0.30135824902746955,0.1918505058351829
2016-02,0.0,0.1055587886669279,0.3166763660007837,0.2111175773338558,-0.2111175773338558,-0.2111175773338558,0.0,0.1055587886669279,-0.1055587886669279,-0.2111175773338558,-0.1055587886669279,-0.1055587886669279,0.2111175773338558,0.09994180399529719
2016-03,0.0,0.10522327814060767,0.21044655628121534,0.315669834421823,-0.315669834421823,-0.10522327814060767,0.10522327814060767,-0.10522327814060767,-0.21044655628121534,-0.10522327814060767,0.10522327814060767,-0.10522327814060767,0.10522327814060767,0.10598099346906158
2016-04,0.11414249836144989,0.0,0.11414249836144989,0.22828499672289979,-0.22828499672289979,0.11414249836144989,0.22828499672289979,-0.11414249836144989,-0.34242749508434966,0.0,0.11414249836144989,-0.22828499672289979,0.0,0.1737200262168016
2016-05,0.11004704310830567,-0.22009408621661133,0.0,0.0,-0.11004704310830567,0.11004704310830567,0.330141129324917,-0.11004704310830567,-0.22009408621661133,0.11004704310830567,0.11004704310830567,-0.22009408621661133,0.11004704310830567,0.2392473102671088
2016-06,0.09849189094782565,-0.295475672843477,0.0,-0.09849189094782565,0.09849189094782565,0.09849189094782565,0.1969837818956513,0.0,-0.1969837818956513,0.1969837818956513,0.0,-0.295475672843477,0.1969837818956513,0.2271459629391382
2016-07,0.0,-0.24113232904429505,0.0,-0.12056616452214752,0.12056616452214752,0.0,0.0,-0.12056616452214752,-0.24113232904429505,0.36169849356644257,0.12056616452214752,-0.24113232904429505,0.36169849356644257,0.0709413676456393
2016-08,0.0,-0.12324015480952975,0.0,0.0,0.0,0.0,-0.12324015480952975,-0.2464803096190595,-0.36972046442858925,0.36972046442858925,0.2464803096190595,-0.12324015480952975,0.36972046442858925,-0.02815752304752432
2016-09,0.0,-0.1243755187166595,0.0,0.0,-0.248751037433319,0.0,0.0,-0.37312655614997847,-0.248751037433319,0.248751037433319,0.37312655614997847,0.0,0.37312655614997847,-0.009991700533448061
2016-10,0.0,-0.236808980923545,-0.1184044904617725,0.0,-0.236808980923545,0.0,0.1184044904617725,-0.3552134713853175,0.0,0.1184044904617725,0.3552134713853175,0.0,0.3552134713853175,0.10552815261164014
2016-11,0.11626640098544443,-0.34879920295633327,-0.23253280197088885,0.0,0.0,0.0,0.11626640098544443,-0.34879920295633327,0.11626640098544443,0.0,0.34879920295633327,0.0,0.23253280197088885,0.13973758423288918
2016-12,0.20761964446126324,-0.31142946669189486,-0.31142946669189486,0.0,0.10380982223063162,0.10380982223063162,0.0,-0.20761964446126324,0.10380982223063162,-0.10380982223063162,0.31142946669189486,0.0,0.10380982223063162,0.1314231998486309
2017-01,0.30524000067310886,-0.20349333378207257,-0.20349333378207257,0.0,0.10174666689103629,0.10174666689103629,0.10174666689103629,-0.10174666689103629,-0.10174666689103629,-0.20349333378207257,0.30524000067310886,-0.10174666689103629,0.0,0.16855999596134683
2017-02,0.29615538690671406,-0.09871846230223802,-0.09871846230223802,-0.09871846230223802,0.0,0.09871846230223802,0.19743692460447604,0.0,-0.19743692460447604,-0.29615538690671406,0.29615538690671406,-0.09871846230223802,0.0,0.22306767855971535
2017-03,0.29983811158687124,0.0,0.0,-0.09994603719562374,0.0,-0.09994603719562374,0.29983811158687124,0.0,-0.29983811158687124,-0.29983811158687124,0.29983811158687124,-0.09994603719562374,0.0,0.20097133047877278
2017-04,0.20172750638149348,0.0,0.0,-0.10086375319074674,0.10086375319074674,-0.20172750638149348,0.20172750638149348,0.0,-0.3025912595722402,-0.3025912595722402,0.3025912595722402,0.10086375319074674,0.0,0.18445244256655893
2017-05,0.10523812673980737,0.10523812673980737,0.0,0.10523812673980737,0.10523812673980737,-0.21047625347961474,0.10523812673980737,0.0,-0.3157143802194221,-0.3157143802194221,0.3157143802194221,0.10523812673980737,-0.10523812673980737,0.10571371868346746
2017-06,0.0,0.2469873354859022,0.0,0.2469873354859022,0.0,-0.1234936677429511,0.0,0.0,-0.2469873354859022,-0.3704810032288533,0.3704810032288533,0.1234936677429511,-0.2469873354859022,0.02410131611278235
2017-07,0.0,0.33036248975615,0.0,0.33036248975615,-0.22024165983743332,0.0,0.11012082991871666,0.0,-0.11012082991871666,-0.33036248975615,0.22024165983743332,-0.11012082991871666,-0.22024165983743332,0.017825061463100134
2017-08,0.0,0.2126830340382709,0.10634151701913545,0.31902455105740635,-0.2126830340382709,-0.10634151701913545,0.2126830340382709,-0.10634151701913545,0.0,-0.31902455105740635,0.10634151701913545,-0.10634151701913545,-0.10634151701913545,0.08585269365556192
2017-09,0.0,0.10347869776590642,0.20695739553181283,0.31043609329771926,-0.20695739553181283,-0.10347869776590642,0.31043609329771926,-0.20695739553181283,-0.10347869776590642,-0.20695739553181283,0.0,-0.10347869776590642,0.0,0.13738344021368454
2017-10,0.0,0.0,0.30898908316575197,0.30898908316575197,-0.20599272211050132,-0.10299636105525066,0.30898908316575197,-0.30898908316575197,-0.20599272211050132,-0.10299636105525066,0.0,0.0,0.0,0.1460655010054881
2017-11,0.0,0.0,0.3109741177237947,0.3109741177237947,-0.3109741177237947,-0.10365803924126489,0.3109741177237947,-0.20731607848252978,-0.3109741177237947,0.0,0.0,0.0,0.0,0.134155293657232
2017-12,0.0,0.0,0.41706640990574667,0.41706640990574667,-0.41706640990574667,-0.2780442732704978,0.1390221366352489,-0.1390221366352489,-0.1390221366352489,0.0,0.0,0.0,0.0,0.053690087106515176
2018-01,-0.1562494047931722,0.1562494047931722,0.4687482143795166,0.3124988095863444,-0.1562494047931722,-0.4687482143795166,-0.1562494047931722,0.0,0.0,0.0,0.0,0.0,0.0,-0.12500714248193334
2018-02,-0.10782657073942208,0.10782657073942208,0.3234797122182662,0.10782657073942208,0.10782657073942208,-0.3234797122182662,-0.3234797122182662,0.0,0.10782657073942208,0.10782657073942208,0.0,0.0,-0.10782657073942208,-0.27477486816924673
2018-03,-0.19620772686346924,0.09810386343173462,0.19620772686346924,0.0,0.19620772686346924,-0.2943115902952039,-0.19620772686346924,0.0,0.0,0.19620772686346924,0.09810386343173462,0.09810386343173462,-0.19620772686346924,-0.23413045822877623
2018-04,-0.10826855324103458,0.0,0.21653710648206917,0.0,0.10826855324103458,-0.32480565972310377,-0.10826855324103458,0.0,0.0,0.32480565972310377,0.21653710648206917,0.0,-0.32480565972310377,-0.2677031481434468
2018-05,0.0,0.0,0.2506652847407144,0.0,-0.1253326423703572,-0.37599792711107166,0.0,0.0,0.0,0.37599792711107166,0.2506652847407144,-0.1253326423703572,-0.2506652847407144,-0.2453430068149986
2018-06,0.1973064822166715,-0.09865324110833575,0.29595972332500725,0.0,-0.09865324110833575,-0.29595972332500725,0.0,0.0,0.0,0.29595972332500725,0.09865324110833575,-0.29595972332500725,-0.09865324110833575,-0.2242416600499563
2018-07,0.31128096306438907,-0.20752064204292606,0.31128096306438907,0.0,-0.10376032102146303,-0.31128096306438907,0.0,0.0,-0.10376032102146303,0.31128096306438907,0.0,-0.20752064204292606,0.0,-0.13231422161366554
2018-08,0.37118450241512047,-0.24745633494341365,0.24745633494341365,-0.12372816747170683,0.0,-0.37118450241512047,0.0,0.12372816747170683,-0.24745633494341365,0.24745633494341365,0.0,0.0,0.0,-0.020349320452691038
2018-09,0.35698941613850904,-0.11899647204616969,0.0,-0.23799294409233937,0.0,-0.23799294409233937,0.0,0.23799294409233937,-0.35698941613850904,0.11899647204616969,0.0,0.23799294409233937,0.0,0.09605644726128525
2018-10,0.3113518847593297,0.0,-0.10378396158644322,-0.3113518847593297,-0.10378396158644322,-0.10378396158644322,0.0,0.3113518847593297,-0.3113518847593297,0.0,0.0,0.3113518847593297,0.0,0.13188869144402185
2018-11,0.32759762258257247,0.0,-0.10919920752752416,-0.2183984150550483,-0.2183984150550483,0.10919920752752416,-0.10919920752752416,0.2183984150550483,-0.2183984150550483,0.10919920752752416,-0.10919920752752416,0.2183984150550483,0.0,0.03441426450456519
2018-12,0.3473566996973607,0.0,-0.1157855665657869,-0.1157855665657869,-0.2315711331315738,0.2315711331315738,-0.2315711331315738,0.0,-0.1157855665657869,0.2315711331315738,-0.1157855665657869,0.1157855665657869,0.0,-0.14743093494740936
2019-01,0.20759360638591356,-0.10379680319295678,-0.20759360638591356,0.0,-0.10379680319295678,0.3113904095788703,-0.20759360638591356,-0.10379680319295678,-0.10379680319295678,0.3113904095788703,-0.10379680319295678,0.10379680319295678,0.0,-0.13165754252677794
2019-02,0.10844507570549157,-0.21689015141098314,-0.3253352271164747,0.0,0.0,0.3253352271164747,-0.10844507570549157,-0.10844507570549157,-0.21689015141098314,0.3253352271164747,0.0,0.21689015141098314,0.0,-0.04798863730115146
2019-03,0.0,-0.2137636537041304,-0.3206454805561956,0.0,0.0,0.2137636537041304,0.0,0.0,-0.3206454805561956,0.3206454805561956,-0.1068818268520652,0.3206454805561956,0.1068818268520652,0.07612711666282651
2019-04,-0.1064344724900308,-0.1064344724900308,-0.3193034174700924,0.1064344724900308,0.0,0.1064344724900308,0.0,0.0,-0.2128689449800616,0.3193034174700924,-0.2128689449800616,0.3193034174700924,0.1064344724900308,0.08417949517944566
2019-05,-0.21313305631988136,0.10656652815994068,-0.31969958447982205,0.10656652815994068,0.0,0.0,0.10656652815994068,-0.10656652815994068,-0.10656652815994068,0.21313305631988136,-0.21313305631988136,0.31969958447982205,0.10656652815994068,0.08180249312106781
2019-06,-0.34521435583811955,0.11507145194603985,-0.34521435583811955,0.2301429038920797,0.11507145194603985,0.0,0.2301429038920797,-0.11507145194603985,0.0,0.0,-0.11507145194603985,0.2301429038920797,0.0,0.1588567688633626
2019-07,-0.3011959994038641,0.1003986664679547,-0.3011959994038641,0.1003986664679547,0.2007973329359094,0.0,0.3011959994038641,-0.1003986664679547,0.1003986664679547,-0.1003986664679547,-0.1003986664679547,0.1003986664679547,0.0,0.19282400357681487
2019-08,-0.30139705580610127,0.0,-0.20093137053740084,0.20093137053740084,0.30139705580610127,0.0,0.20093137053740084,0.0,0.20093137053740084,-0.10046568526870042,-0.20093137053740084,-0.10046568526870042,0.0,0.1916176651633922
2019-09,-0.31280511515223064,0.0,-0.10426837171741021,0.10426837171741021,0.31280511515223064,0.0,0.10426837171741021,0.0,0.31280511515223064,0.0,-0.31280511515223064,-0.20853674343482043,0.10426837171741021,0.12316930908661587
2019-10,-0.31411374599667796,0.0,0.0,0.10470458199889265,0.31411374599667796,0.0,0.0,0.0,0.31411374599667796,0.0,-0.31411374599667796,-0.31411374599667796,0.2094091639977853,0.11531752401993241
2019-11,-0.30912498113859843,0.0,0.0,-0.1030416603795328,0.2060833207590656,0.1030416603795328,0.0,0.1030416603795328,0.2060833207590656,0.0,-0.30912498113859843,-0.2060833207590656,0.30912498113859843,0.14525011316840977
2019-12,-0.30894134372144827,0.0,0.0,-0.10298044790714943,0.10298044790714943,0.20596089581429886,0.10298044790714943,0.10298044790714943,0.20596089581429886,0.0,-0.30894134372144827,-0.20596089581429886,0.20596089581429886,0.14635193767131038
2020-01,-0.30757707067095996,0.10252569022365332,0.0,-0.10252569022365332,-0.10252569022365332,0.20505138044730664,0.20505138044730664,0.10252569022365332,0.20505138044730664,0.0,-0.20505138044730664,-0.20505138044730664,0.10252569022365332,0.15453757597423975
2020-02,-0.309429851502418,0.10314328383413933,0.0,0.0,-0.20628656766827866,0.20628656766827866,0.309429851502418,0.0,0.309429851502418,0.0,-0.10314328383413933,-0.309429851502418,0.0,0.14342089098549207
2020-03,-0.3136193220631244,0.10453977402104146,0.0,0.0,-0.3136193220631244,0.10453977402104146,0.3136193220631244,0.0,0.3136193220631244,0.10453977402104146,0.0,-0.3136193220631244,0.0,0.11828406762125389
2020-04,-0.3160614495368086,-0.10535381651226952,0.0,0.0,-0.21070763302453904,0.21070763302453904,0.3160614495368086,0.0,0.3160614495368086,0.10535381651226952,0.0,-0.3160614495368086,0.0,0.1036313027791487
2020-05,-0.3130415249411675,-0.20869434996077832,0.0,0.0,-0.10434717498038916,0.10434717498038916,0.3130415249411675,0.0,0.3130415249411675,0.20869434996077832,-0.10434717498038916,-0.20869434996077832,0.0,0.12175085035299502
2020-06,-0.32721517166298564,-0.21814344777532374,0.0,-0.10907172388766187,0.0,0.10907172388766187,0.32721517166298564,0.0,0.32721517166298564,0.10907172388766187,-0.21814344777532374,0.0,0.0,0.25485241779740997
2020-07,-0.24450244200109533,-0.12225122100054767,0.0,-0.24450244200109533,0.0,0.12225122100054767,0.12225122100054767,0.12225122100054767,0.24450244200109533,0.24450244200109533,-0.24450244200109533,0.12225122100054767,-0.12225122100054767,0.04398046399123674
2020-08,-0.1388922524779868,-0.1388922524779868,0.0,-0.4166767574339605,0.1388922524779868,0.2777845049559736,0.0,0.1388922524779868,0.1388922524779868,0.1388922524779868,0.0,0.1388922524779868,-0.2777845049559736,-0.05550846530818421
2020-09,0.0,-0.27352381679620263,0.0,-0.13676190839810132,0.27352381679620263,0.13676190839810132,-0.13676190839810132,0.13676190839810132,0.13676190839810132,0.13676190839810132,0.13676190839810132,0.0,-0.41028572519430395,-0.08533328242658154
2020-10,0.0,-0.30661351151197486,0.15330675575598743,0.15330675575598743,0.30661351151197486,0.0,0.15330675575598743,-0.15330675575598743,0.15330675575598743,-0.15330675575598743,0.0,0.0,-0.30661351151197486,0.16031893092815075
2020-11,0.0,-0.11220923347236267,0.22441846694472534,0.336627700417088,0.11220923347236267,-0.11220923347236267,0.22441846694472534,-0.22441846694472534,0.0,-0.22441846694472534,-0.11220923347236267,0.0,-0.11220923347236267,0.20465226444219697
2020-12,0.0,0.0,0.1975958674229943,0.29639380113449143,0.09879793371149714,0.0,0.29639380113449143,-0.29639380113449143,-0.1975958674229943,-0.29639380113449143,-0.09879793371149714,0.0,0.0,0.22163719319305145
2021-01,0.0,0.0,0.20250046527616594,0.20250046527616594,0.20250046527616594,0.0,0.3037506979142489,-0.3037506979142489,-0.3037506979142489,-0.20250046527616594,-0.10125023263808297,0.0,0.0,0.17749581251450647
2021-02,0.0,0.0,0.2102784975200423,0.10513924876002115,0.31541774628006347,0.0,0.31541774628006347,-0.31541774628006347,-0.31541774628006347,-0.10513924876002115,-0.2102784975200423,0.0,0.0,0.10749352231961899
2021-03,0.0,0.0,0.33298264690481405,0.0,0.33298264690481405,0.0,0.22198843126987605,-0.33298264690481405,-0.22198843126987605,0.0,-0.33298264690481405,-0.11099421563493803,0.11099421563493803,-0.002104118571115458
2021-04,-0.10776737430975288,0.0,0.32330212292925864,0.0,0.32330212292925864,0.0,0.10776737430975288,-0.21553474861950575,-0.10776737430975288,0.0,-0.32330212292925864,-0.21553474861950575,0.21553474861950575,0.0601872624244483
2021-05,-0.10859242599446194,0.0,0.3257772779833858,0.0,0.21718485198892387,0.0,-0.10859242599446194,-0.10859242599446194,0.10859242599446194,0.10859242599446194,-0.3257772779833858,-0.3257772779833858,0.21718485198892387,-0.04533633209968518
2021-06,-0.12162352185471784,0.0,0.24324704370943567,0.0,0.12162352185471784,0.0,-0.12162352185471784,0.12162352185471784,0.24324704370943567,0.24324704370943567,-0.36487056556415354,-0.36487056556415354,0.0,-0.054023650324514456
2021-07,0.0,0.10194721448316768,0.10194721448316768,0.0,-0.10194721448316768,0.10194721448316768,-0.10194721448316768,0.10194721448316768,0.20389442896633536,0.30584164344950304,-0.30584164344950304,-0.20389442896633536,-0.20389442896633536,-0.16495013930298144
2021-08,0.0,0.23602196960519922,0.0,0.0,-0.23602196960519922,0.23602196960519922,0.0,0.11801098480259961,0.11801098480259961,0.23602196960519922,-0.3540329544077988,0.0,-0.3540329544077988,-0.11182424315840617
2021-09,0.0,0.31771348781306746,0.0,0.0,-0.31771348781306746,0.31771348781306746,0.0,0.0,-0.10590449593768915,0.10590449593768915,-0.2118089918753783,0.2118089918753783,-0.31771348781306746,-0.09371907312159498
2021-10,-0.1035383023931274,0.3106149071793822,0.0,0.0,-0.3106149071793822,0.3106149071793822,0.0,0.0,-0.1035383023931274,0.0,-0.1035383023931274,0.3106149071793822,-0.3106149071793822,0.0015511365836453877
2021-11,-0.0973827061928988,0.2921481185786964,0.0,0.0,-0.1947654123857976,0.2921481185786964,0.0,0.0,-0.0973827061928988,-0.0973827061928988,-0.0973827061928988,0.2921481185786964,-0.2921481185786964,0.01254815720272931
2021-12,-0.10037603538639252,0.20075207077278504,0.10037603538639252,0.0,-0.10037603538639252,0.20075207077278504,0.10037603538639252,0.0,0.0,-0.20075207077278504,-0.20075207077278504,0.30112810615917757,-0.30112810615917757,0.08724687280106792
2022-01,0.0,0.0,0.123690340829348,0.0,0.0,0.123690340829348,0.0,0.123690340829348,0.123690340829348,-0.247380681658696,-0.247380681658696,0.371071022488044,-0.371071022488044,0.07686401581997139
2022-02,0.0,-0.13461430537840455,0.13461430537840455,0.0,-0.13461430537840455,0.0,-0.13461430537840455,0.13461430537840455,0.2692286107568091,-0.13461430537840455,0.0,0.4038429161352136,-0.4038429161352136,-0.013545286236451697
2022-03,0.0,0.0,0.0,0.0,-0.23276474495738642,0.11638237247869321,-0.3491471174360796,0.11638237247869321,0.23276474495738642,0.0,0.23276474495738642,0.23276474495738642,-0.3491471174360796,-0.1378820403409089
2022-04,0.11628414641000982,0.11628414641000982,0.0,0.0,-0.23256829282001965,0.23256829282001965,-0.11628414641000982,-0.11628414641000982,0.11628414641000982,-0.11628414641000982,0.23256829282001965,0.11628414641000982,-0.34885243923002945,-0.1394536574398426
2022-05,0.23927865116581049,0.11963932558290524,0.0,0.0,-0.11963932558290524,0.35891797674871573,0.11963932558290524,-0.23927865116581049,0.0,-0.23927865116581049,0.11963932558290524,0.0,-0.35891797674871573,-0.06918649911580449
2022-06,0.2915559261158409,0.0,0.0,0.0,0.0,0.2915559261158409,0.2915559261158409,-0.2915559261158409,0.0,-0.19437061741056064,-0.09718530870528032,0.0,-0.2915559261158409,-0.004938298511790899
2022-07,0.2158307374937119,0.10791536874685595,0.0,0.0,0.0,0.2158307374937119,0.3237461062405679,-0.2158307374937119,0.10791536874685595,-0.2158307374937119,-0.2158307374937119,-0.10791536874685595,-0.2158307374937119,0.05752336255659213
2022-08,0.10520091440463002,0.10520091440463002,0.0,0.10520091440463002,0.0,0.10520091440463002,0.31560274321389004,-0.21040182880926003,0.21040182880926003,-0.10520091440463002,-0.31560274321389004,-0.21040182880926003,-0.10520091440463002,0.1063835407166595
2022-09,0.0,0.1010745330391576,0.0,0.2021490660783152,-0.1010745330391576,0.1010745330391576,0.3032235991174728,-0.2021490660783152,0.2021490660783152,-0.1010745330391576,-0.2021490660783152,-0.3032235991174728,0.0,0.18065840529516247
2022-10,0.0,0.0,0.0,0.309613274116684,-0.20640884941112267,0.20640884941112267,0.20640884941112267,-0.309613274116684,0.10320442470556133,0.0,-0.10320442470556133,-0.309613274116684,0.10320442470556133,0.14232035529989576
2022-11,0.0,0.0,0.0,0.31381208749997946,-0.31381208749997946,0.31381208749997946,0.10460402916665983,-0.31381208749997946,0.0,0.0,0.0,-0.31381208749997946,0.20920805833331965,0.11712747500012281
2022-12,0.0,-0.10205744444320179,0.0,0.30617233332960536,-0.30617233332960536,0.30617233332960536,0.0,-0.20411488888640358,0.0,0.0,0.0,-0.30617233332960536,0.30617233332960536,0.16296600002236764
2023-01,0.0,-0.10199335565967843,0.0,0.3059800669790353,-0.20398671131935686,0.3059800669790353,0.0,-0.20398671131935686,-0.10199335565967843,0.0,0.0,-0.3059800669790353,0.3059800669790353,0.16411959812578822
2023-02,-0.09764815146705925,-0.09764815146705925,0.0,0.2929444544011778,-0.09764815146705925,0.2929444544011778,0.09764815146705925,-0.09764815146705925,-0.1952963029341185,-0.09764815146705925,0.0,-0.1952963029341185,0.1952963029341185,0.2423332735929329
2023-03,-0.18495774560927852,0.0,0.0,0.27743661841391776,0.0,0.27743661841391776,0.18495774560927852,-0.09247887280463926,-0.27743661841391776,-0.09247887280463926,-0.09247887280463926,-0.09247887280463926,0.09247887280463926,0.2534469045500318
2023-04,-0.23074564554993854,0.0,0.0,0.23074564554993854,0.0,0.23074564554993854,0.1538304303666257,0.07691521518331285,-0.1538304303666257,-0.1538304303666257,-0.1538304303666257,0.0,0.0,0.29385057063668174
2023-05,-0.2709331317240436,0.0,0.0,0.2709331317240436,0.0,0.18062208781602906,0.0,0.18062208781602906,-0.09031104390801453,-0.09031104390801453,-0.2709331317240436,0.09031104390801453,0.0,0.28245305217370165
2023-06,-0.2841551487515519,0.0,0.0,0.18943676583436792,0.0,0.18943676583436792,-0.18943676583436792,0.18943676583436792,0.0,-0.09471838291718396,-0.2841551487515519,0.18943676583436792,0.09471838291718396,0.21906089276299404
2023-07,-0.241518300715452,-0.120759150357726,0.0,0.120759150357726,0.0,0.241518300715452,-0.241518300715452,0.0,-0.120759150357726,0.120759150357726,-0.241518300715452,0.241518300715452,0.241518300715452,0.06785359427638353
2023-08,-0.22064086794964244,-0.22064086794964244,0.0,0.0,0.0,0.33096130192446366,-0.11032043397482122,-0.11032043397482122,-0.22064086794964244,0.22064086794964244,-0.11032043397482122,0.11032043397482122,0.33096130192446366,0.014232188453217443
2023-09,-0.11869097096578,-0.23738194193156,0.0,0.0,0.11869097096578,0.11869097096578,-0.11869097096578,-0.11869097096578,-0.35607291289734,0.35607291289734,0.0,0.11869097096578,0.23738194193156,-0.10094446454751965
2023-10,-0.11852709878224835,-0.11852709878224835,0.0,0.0,0.2370541975644967,-0.11852709878224835,-0.2370541975644967,0.0,-0.35558129634674507,0.2370541975644967,0.0,0.2370541975644967,0.2370541975644967,-0.10356641948402595
2023-11,0.0,-0.1050978230464544,0.0,0.0,0.3152934691393632,-0.2101956460929088,-0.3152934691393632,0.0,-0.3152934691393632,0.1050978230464544,0.0,0.3152934691393632,0.2101956460929088,-0.10823918516382065
2023-12,-0.12271000175795824,-0.12271000175795824,-0.12271000175795824,0.0,0.36813000527387474,0.0,-0.24542000351591647,0.0,-0.36813000527387474,0.0,0.0,0.24542000351591647,0.36813000527387474,0.03663997187266862
2024-01,-0.10298855031630924,-0.20597710063261848,-0.10298855031630924,0.0,0.3089656509489277,0.20597710063261848,-0.10298855031630924,0.10298855031630924,-0.3089656509489277,0.0,-0.10298855031630924,0.10298855031630924,0.20597710063261848,0.14620609430643366
2024-02,-0.10016051817397807,-0.20032103634795614,-0.10016051817397807,0.0,0.20032103634795614,0.3004815545219342,-0.10016051817397807,0.20032103634795614,-0.20032103634795614,0.0,-0.20032103634795614,0.0,0.20032103634795614,0.19711067286839465
2024-03,0.0,-0.2997746898620317,0.0,0.0,0.09992489662067724,0.2997746898620317,-0.1998497932413545,0.2997746898620317,-0.09992489662067724,0.0,-0.2997746898620317,0.0,0.1998497932413545,0.20135186082780934
2024-04,-0.10720088348066971,-0.32160265044200914,0.0,0.0,0.0,0.21440176696133942,-0.10720088348066971,0.32160265044200914,0.0,-0.10720088348066971,-0.21440176696133942,0.0,0.32160265044200914,0.28478586430928443
2024-05,-0.10284517888933194,-0.3085355366679958,0.0,0.0,0.0,0.20569035777866387,0.10284517888933194,0.3085355366679958,0.0,-0.20569035777866387,-0.10284517888933194,-0.10284517888933194,0.20569035777866387,0.35447713777068834
2024-06,-0.09223344131770386,-0.18446688263540773,0.0,0.0,0.0,0.09223344131770386,0.2767003239531116,0.2767003239531116,-0.09223344131770386,-0.2767003239531116,0.09223344131770386,-0.18446688263540773,0.09223344131770386,0.33979805628133036
2024-07,0.0,0.0,0.0,0.0,0.0,0.21764140808951196,0.21764140808951196,0.21764140808951196,-0.21764140808951196,-0.32646211213426796,0.21764140808951196,-0.32646211213426796,0.0,0.23880517432196227
2024-08,0.0,0.22379901795607138,-0.11189950897803569,0.0,0.0,0.22379901795607138,0.11189950897803569,0.11189950897803569,-0.33569852693410707,-0.33569852693410707,0.22379901795607138,-0.11189950897803569,0.0,0.11044745749276003
2024-09,0.0,0.30059560137640795,-0.20039706758427198,0.0,0.0,0.30059560137640795,0.0,-0.10019853379213599,-0.20039706758427198,-0.30059560137640795,0.10019853379213599,0.10019853379213599,0.0,0.03353597264867551
2024-10,0.0,0.31177644670322524,-0.31177644670322524,0.0,0.0,0.31177644670322524,0.10392548223440841,-0.10392548223440841,-0.20785096446881682,-0.20785096446881682,-0.10392548223440841,0.20785096446881682,0.0,0.05188043481641052
2024-11,0.0,0.3275097921257274,-0.3275097921257274,0.0,-0.1091699307085758,0.2183398614171516,0.2183398614171516,-0.1091699307085758,-0.1091699307085758,-0.1091699307085758,-0.2183398614171516,0.2183398614171516,0.0,0.03494124724563575
2024-12,0.0,0.3658042304349597,-0.3658042304349597,0.0,-0.2438694869566398,0.1219347434783199,0.2438694869566398,0.0,0.0,0.0,-0.3658042304349597,0.2438694869566398,0.0,0.011902809609019184
2025-01,0.0,0.3308871196027137,-0.22059141306847582,0.0,-0.22059141306847582,-0.11029570653423791,0.22059141306847582,0.0,0.22059141306847582,0.0,-0.3308871196027137,0.22059141306847582,-0.11029570653423791,-0.014677282383717623
2025-02,0.10582701054102849,0.31748103162308544,-0.10582701054102849,0.0,-0.10582701054102849,-0.21165402108205697,0.21165402108205697,0.0,0.21165402108205697,0.0,-0.31748103162308544,0.10582701054102849,-0.21165402108205697,-0.06165613947511775
2025-03,0.10628903218638693,0.3188670965591608,0.0,0.10628903218638693,0.0,-0.21257806437277385,0.3188670965591608,-0.10628903218638693,0.10628903218638693,0.0,-0.3188670965591608,0.0,-0.3188670965591608,-0.026813381209296907
2025-04,0.21266147932125934,0.318992218981889,-0.10633073966062967,0.10633073966062967,0.0,-0.10633073966062967,0.318992218981889,-0.10633073966062967,0.0,-0.10633073966062967,-0.21266147932125934,0.0,-0.318992218981889,0.018742181420077705
2025-05,0.21892960964261743,0.32839441446392614,-0.10946480482130871,0.10946480482130871,0.0,-0.10946480482130871,0.21892960964261743,-0.21892960964261743,0.10946480482130871,-0.10946480482130871,-0.10946480482130871,0.0,-0.32839441446392614,0.02963351321644241
2025-06,0.29852276541419753,0.19901517694279836,-0.09950758847139918,0.0,0.0,-0.19901517694279836,0.09950758847139918,-0.09950758847139918,0.19901517694279836,-0.19901517694279836,0.0,0.09950758847139918,-0.29852276541419753,0.09774880973829035
2025-07,0.31421078025071675,0.10473692675023892,0.10473692675023892,0.0,-0.10473692675023892,-0.31421078025071675,0.0,-0.20947385350047784,0.31421078025071675,-0.10473692675023892,0.0,0.10473692675023892,-0.20947385350047784,0.020105103014471364
2025-08,0.3520483817204794,0.11734946057349314,0.11734946057349314,0.0,-0.2346989211469863,-0.3520483817204794,0.0,-0.11734946057349314,0.2346989211469863,-0.11734946057349314,0.0,0.0,0.0,0.048942777162523717
2025-09,0.3314779985688273,0.1104926661896091,0.1104926661896091,0.0,-0.3314779985688273,-0.3314779985688273,0.1104926661896091,-0.1104926661896091,0.1104926661896091,0.0,0.0,-0.2209853323792182,0.2209853323792182,0.011132008587036097
2025-10,0.33186133904138926,0.11062044634712975,0.0,-0.11062044634712975,-0.2212408926942595,-0.2212408926942595,0.11062044634712975,-0.11062044634712975,0.0,0.0,0.11062044634712975,-0.33186133904138926,0.33186133904138926,-0.004750122837169641
2025-11,0.35685541392961617,0.0,0.0,-0.2379036092864108,-0.1189518046432054,-0.1189518046432054,0.0,-0.2379036092864108,0.0,0.0,0.2379036092864108,-0.2379036092864108,0.35685541392961617,-0.05368586855768989
2025-12,0.22036172788327352,0.0,0.0,-0.3305425918249103,0.0,-0.11018086394163676,-0.11018086394163676,-0.3305425918249103,0.0,0.11018086394163676,0.3305425918249103,0.0,0.22036172788327352,-0.2371061769338117
2026-01,0.20103904256497748,0.10051952128248874,0.0,-0.20103904256497748,0.0,-0.20103904256497748,-0.20103904256497748,-0.3015585638474662,0.10051952128248874,0.10051952128248874,0.20103904256497748,0.10051952128248874,0.10051952128248874,-0.1906486169152023
2026-02,0.23456675689944967,0.23456675689944967,0.0,-0.11728337844972483,0.0,-0.35185013534917453,-0.23456675689944967,-0.23456675689944967,0.23456675689944967,0.0,0.11728337844972483,0.11728337844972483,0.0,-0.1234659448044026
2026-03,0.31707830704485973,0.2113855380299065,0.0,-0.10569276901495325,0.0,-0.31707830704485973,-0.31707830704485973,-0.10569276901495325,0.31707830704485973,-0.10569276901495325,0.0,0.0,0.10569276901495325,0.021087389693376382
2026-04,0.26752797547411256,0.0,-0.13376398773705628,-0.13376398773705628,0.0,-0.26752797547411256,-0.4012919632111688,0.0,0.26752797547411256,0.0,0.0,0.13376398773705628,0.26752797547411256,0.12730417168121205
2026-05,0.10521847488560973,-0.21043694977121946,-0.21043694977121946,-0.10521847488560973,0.0,-0.10521847488560973,-0.21043694977121946,0.0,0.10521847488560973,0.21043694977121946,-0.10521847488560973,0.21043694977121946,0.31565542465682916,0.10606745205902449
2026-06,0.0,-0.30568588919937045,-0.30568588919937045,0.0,0.0,0.0,-0.10189529639979016,0.0,-0.10189529639979016,0.30568588919937045,-0.10189529639979016,0.30568588919937045,0.30568588919937045,0.16588466480377714
2026-07,-0.10407775453524482,-0.20815550907048963,-0.31223326360573445,0.0,0.0,0.0,0.10407775453524482,0.0,-0.10407775453524482,0.31223326360573445,-0.20815550907048963,0.20815550907048963,0.31223326360573445,0.12660041836559327
2026-08,-0.21596243737596282,-0.10798121868798141,-0.32394365606394426,0.0,0.0,-0.10798121868798141,0.21596243737596282,0.0,-0.10798121868798141,0.32394365606394426,-0.10798121868798141,0.10798121868798141,0.32394365606394426,0.05633806361633429
