strategy,label,research_sharpe,test_sharpe,full_sharpe,last18_sharpe,ic,ic_t,alpha_month,alpha_t,placebo_p,dsr,dsr_note,verdict
A0 fixed rule (Sonnet),CONFIRMATORY,-0.44092492572895914,-0.3594556587904215,-0.4821013581193437,-1.5591014899183524,-0.019768965850199924,-0.7129124305819597,-0.002518556603113657,-0.9224188036436944,,0.0003801360433639087,"research DSR, 41 nominal trials",not primary; negative
A1 ridge (Sonnet),CONFIRMATORY,-0.5405542667423431,-0.5074813921736225,-0.5174853275983263,0.7340495583621448,-0.014370209288980916,-0.7433155493019417,-0.0035263335545669635,-1.7221163056131532,,5.5207058677154256e-05,"research DSR, 41 nominal trials",not primary; negative
A1-T tightness (Sonnet),CONFIRMATORY,-0.5481302825971346,-0.5930940086312122,-0.5785052699777988,-0.3713486706329405,-0.028664096385687347,-1.421973489048184,-0.004194115188590617,-2.0610281297034407,,5.262711468664365e-05,"research DSR, 41 nominal trials",not primary; negative
A3 primary (Sonnet),CONFIRMATORY,-0.1320761931385749,-0.5844954251048887,-0.4380421639450935,0.845636663006536,-0.0213347025856068,-1.0770521462668299,-0.0038267333098876122,-1.855802429643824,0.7157894736842105,0.0025098924189291354,"research DSR, 41 nominal trials",Do not implement
A4 islands (Sonnet),CONFIRMATORY,-0.1812669890101215,-0.7863252241074289,-0.5646317865862633,1.227020124529158,-0.02000400411864591,-0.858885348955141,-0.005474706473136828,-2.3863102522021493,,0.0013697782827562714,"research DSR, 41 nominal trials",not primary; negative
A3 (Opus follow-up),EXPLORATORY,-0.4816985534175596,-0.45572449043051344,-0.4630922247808339,-0.6369848831861982,0.0010278064182403356,0.04823684767909304,-0.0024354211484961716,-1.541674071483042,,0.0002660702067352366,"research DSR, 41 nominal trials",exploratory; negative
A4 primary (Opus follow-up),EXPLORATORY,-0.40294263247307166,0.00896123934497853,-0.13325881798573522,-1.4101021161852056,-0.0024766098844053504,-0.10338700592174416,9.19067145194783e-05,0.05239921372047041,0.5578947368421052,0.0003097596019521178,"research DSR, 41 nominal trials",exploratory; fails G2-G5
V2a wage growth (headline),POST-HOC,0.0927152657738273,0.1637156310341599,0.1472623895727718,-1.7094158855720982,0.0492999679829767,2.035563312873839,0.0005798629480762,0.2873103595695571,0.0210526315789473,0.0231336626508491,"test DSR, 112 trials",not distinguishable from noise after the looks already taken
V2b signed composite,POST-HOC,-0.0550920165501744,-0.1528458725911958,-0.1099379266974875,-1.343856874932211,0.0422001941258376,1.651089301118365,-0.0018266054388048,-0.8404485946813952,0.0526315789473684,0.0009055125013606,"test DSR, 112 trials",not distinguishable from noise after the looks already taken
V2c wage + momentum,POST-HOC,0.274129876465059,0.3451694439959666,0.3246804210294354,-0.7750298448592223,0.0324284709979295,1.2111837657292637,0.0021662500624584,1.3608438908721103,0.2631578947368421,0.0880041208023158,"test DSR, 112 trials",not distinguishable from noise after the looks already taken
"V2d -(hires+quits), 12m",POST-HOC,0.5033356213739548,0.2928175594619901,0.3513864909801854,0.2864843122891434,0.0961748175488633,2.42513564294896,0.0026094534893481,1.3716023476014094,0.8526315789473684,0.0555523006940262,"test DSR, 112 trials; IC is 12-month",not distinguishable from noise after the looks already taken
