group,V2a_score,V2b_score,V2c_score,V2d_score,mom_12_1,beta_60m
1,0.15384615384615385,0.0342583413730763,0.5769230769230769,-0.9700731804483811,0.47533668959895725,0.49637170395497887
2,0.9230769230769231,0.2718944524264731,0.7307692307692308,0.10862222876603533,0.1075490914827586,1.4156696941501035
3,0.8461538461538461,0.4247419310616675,0.8846153846153846,-1.1162508486514793,0.294584834757202,1.3213357487429807
4,0.5384615384615384,0.12828751634777333,0.6923076923076923,-0.3336264246722571,0.2597828107200748,0.5033017913529814
5,0.6153846153846154,0.2023819364668972,0.6153846153846154,-0.559203282187521,0.11006896266901167,0.8000193405101527
6,0.38461538461538464,0.6767993796612481,0.34615384615384615,-1.4918878837649563,0.06630980933950692,1.0632056155027743
7,0.3076923076923077,0.49758722075444733,0.34615384615384615,-0.6323766834247267,0.09062057963601,0.7991072869992614
8,1.0,0.16062545219866933,0.5769230769230769,0.7357239103488823,-0.017147691765295736,0.6628772483500728
9,0.7307692307692307,-0.39457675667565106,0.7115384615384615,1.2179908571478504,0.12816730800694232,0.875628894892625
10,0.7307692307692307,-0.5647040455435689,0.4807692307692307,1.1237615155793024,0.023331103722227686,1.2969679411623816
11,0.46153846153846156,-0.2881629594754079,0.2692307692307693,0.3670219643445271,-0.056980695564038175,1.0329163993492951
12,0.07692307692307693,-0.5595632878360185,0.42307692307692313,0.35858412926155114,0.20483121717252217,0.9391168960553062
13,0.23076923076923078,-0.5895691807596058,0.34615384615384615,1.1917136977011729,0.10714799322891344,0.7745683791310146
